WKRCF,y,3.89,20170517
WKRCF,p,23.7,20170517
WKRCF,k,26.18,20170517
WKRCF,j,13.9,20170517
WKRCF,k5,-11.0,20170517
WKRCF,j6,67.63,20170517
WKRCF,e,0.88,20170517
WKRCF,b4,16.91,20170517
WKRCF,p5,1.12,20170517
WKRCF,p6,1.4,20170517
WKRCF,r,26.36,20170517
WKRCF,m6,29.51,20170517
WKRCF,m8,-0.06,20170517
WKRCF,d,0.56,20170517
WLFDY,y,1.03,20170517
WLFDY,p,4.34,20170517
WLFDY,k,5.49,20170517
WLFDY,j,4.34,20170517
WLFDY,k5,-20.95,20170517
WLFDY,j6,0.0,20170517
WLFDY,e,-0.56,20170517
WLFDY,b4,2.75,20170517
WLFDY,p5,0.64,20170517
WLFDY,p6,1.58,20170517
WLFDY,m6,-10.59,20170517
WLFDY,m8,-10.55,20170517
WLFDY,d,0.04,20170517
WLG.L,p,317.5,20170517
WLG.L,k,325.0,20170517
WLG.L,j,160.0,20170517
WLG.L,k5,-4.62,20170517
WLG.L,j6,93.75,20170517
WLG.L,e,125.6,20170517
WLG.L,e7,10.4,20170517
WLG.L,m6,21.37,20170517
WLG.L,m8,-1.17,20170517
WLK,y,1.24,20170517
WLK,p,63.71,20170517
WLK,k,68.08,20170517
WLK,j,39.48,20170517
WLK,k5,-9.64,20170517
WLK,j6,55.83,20170517
WLK,e,3.18,20170517
WLK,e7,4.34,20170517
WLK,e8,4.7,20170517
WLK,t8,72.33,20170517
WLK,b4,28.36,20170517
WLK,p5,1.36,20170517
WLK,p6,2.25,20170517
WLK,r,19.35,20170517
WLK,r5,1.84,20170517
WLK,r6,14.18,20170517
WLK,r7,13.09,20170517
WLK,m6,1.04,20170517
WLK,m8,-3.8,20170517
WLK,d,0.76,20170517
WLKP,y,5.72,20170517
WLKP,p,25.15,20170517
WLKP,k,26.25,20170517
WLKP,j,18.73,20170517
WLKP,k5,-5.33,20170517
WLKP,j6,32.67,20170517
WLKP,e,1.43,20170517
WLKP,e7,1.51,20170517
WLKP,e8,1.44,20170517
WLKP,t8,28.67,20170517
WLKP,b4,12.76,20170517
WLKP,p5,0.67,20170517
WLKP,p6,1.97,20170517
WLKP,r,17.41,20170517
WLKP,r5,0.27,20170517
WLKP,r6,16.46,20170517
WLKP,r7,17.26,20170517
WLKP,m6,6.09,20170517
WLKP,m8,-1.09,20170517
WLKP,d,1.42,20170517
WLMIF,y,2.38,20170517
WLMIF,p,2.66,20170517
WLMIF,k,2.84,20170517
WLMIF,j,2.19,20170517
WLMIF,k5,-6.34,20170517
WLMIF,j6,21.46,20170517
WLMIF,e,0.15,20170517
WLMIF,b4,2.29,20170517
WLMIF,p5,0.41,20170517
WLMIF,p6,1.16,20170517
WLMIF,r,17.27,20170517
WLMIF,m6,4.1,20170517
WLMIF,m8,5.89,20170517
WLMIF,d,0.06,20170517
WLTW,y,1.49,20170517
WLTW,p,142.65,20170517
WLTW,k,146.3,20170517
WLTW,j,112.76,20170517
WLTW,k5,-3.6,20170517
WLTW,j6,25.07,20170517
WLTW,e,3.8,20170517
WLTW,e7,8.59,20170517
WLTW,e8,9.82,20170517
WLTW,t8,150.94,20170517
WLTW,b4,75.9,20170517
WLTW,p5,2.46,20170517
WLTW,p6,1.88,20170517
WLTW,r,37.09,20170517
WLTW,r5,1.55,20170517
WLTW,r6,16.42,20170517
WLTW,r7,14.36,20170517
WLTW,m6,10.81,20170517
WLTW,m8,5.7,20170517
WLTW,d,2.12,20170517
WLWHY,y,3.81,20170517
WLWHY,p,5.5,20170517
WLWHY,k,7.15,20170517
WLWHY,j,4.51,20170517
WLWHY,k5,-26.01,20170517
WLWHY,j6,17.29,20170517
WLWHY,e,0.41,20170517
WLWHY,b4,1.49,20170517
WLWHY,p5,1.04,20170517
WLWHY,p6,3.7,20170517
WLWHY,r,12.93,20170517
WLWHY,m6,-0.26,20170517
WLWHY,m8,-2.52,20170517
WLWHY,d,0.2,20170517
WM,y,2.36,20170517
WM,p,71.25,20170517
WM,k,74.58,20170517
WM,j,60.41,20170517
WM,k5,-4.81,20170517
WM,j6,17.51,20170517
WM,e,2.74,20170517
WM,e7,3.18,20170517
WM,e8,3.47,20170517
WM,t8,76.56,20170517
WM,b4,12.48,20170517
WM,p5,2.27,20170517
WM,p6,5.71,20170517
WM,r,25.9,20170517
WM,r5,2.18,20170517
WM,r6,22.32,20170517
WM,r7,20.46,20170517
WM,m6,0.14,20170517
WM,m8,-2.46,20170517
WM,d,1.7,20170517
WMB,y,3.96,20170517
WMB,p,30.62,20170517
WMB,k,32.69,20170517
WMB,j,19.6,20170517
WMB,k5,-7.56,20170517
WMB,j6,54.18,20170517
WMB,e,0.01,20170517
WMB,e7,0.99,20170517
WMB,e8,0.99,20170517
WMB,t8,33.28,20170517
WMB,b4,10.22,20170517
WMB,p5,3.23,20170517
WMB,p6,3.0,20170517
WMB,r,2014.67,20170517
WMB,r5,3.11,20170517
WMB,r6,30.53,20170517
WMB,r7,30.53,20170517
WMB,m6,1.89,20170517
WMB,m8,0.06,20170517
WMB,d,1.2,20170517
WMC,y,12.54,20170517
WMC,p,10.01,20170517
WMC,k,11.18,20170517
WMC,j,8.71,20170517
WMC,k5,-11.1467,20170517
WMC,j6,14.0505,20170517
WMC,e,0.748,20170517
WMC,e7,1.21,20170517
WMC,e8,1.26,20170517
WMC,t8,10.0,20170517
WMC,b4,10.451,20170517
WMC,p5,7.638,20170517
WMC,p6,0.9578,20170517
WMC,r,13.2805,20170517
WMC,r5,1.66,20170517
WMC,r6,8.2098,20170517
WMC,r7,7.884,20170517
WMC,m6,-2.9902,20170517
WMC,m8,-2.0171,20170517
WMC,d,1.24,20170517
WMGIZ,p,1.4,20170517
WMGIZ,k,2.67,20170517
WMGIZ,j,1.2,20170517
WMGIZ,k5,-47.5618,20170517
WMGIZ,j6,16.675,20170517
WMGIZ,b4,0.0,20170517
WMGIZ,r5,0.0,20170517
WMGIZ,m6,-3.063,20170517
WMGIZ,m8,-6.3748,20170517
WMH.L,p,288.0,20170517
WMH.L,k,353.6,20170517
WMH.L,j,235.5,20170517
WMH.L,k5,-18.27,20170517
WMH.L,j6,22.72,20170517
WMH.L,e,18.8,20170517
WMH.L,e7,24.21,20170517
WMH.L,b4,1.43,20170517
WMH.L,p5,153.82,20170517
WMH.L,p6,201.26,20170517
WMH.L,r,15.37,20170517
WMH.L,r5,1.86,20170517
WMH.L,r6,11.94,20170517
WMH.L,r7,11.18,20170517
WMH.L,m6,1.1,20170517
WMH.L,m8,-1.97,20170517
WMK,y,2.22,20170517
WMK,p,53.92,20170517
WMK,k,68.88,20170517
WMK,j,46.1,20170517
WMK,k5,-22.76,20170517
WMK,j6,15.4,20170517
WMK,e,2.93,20170517
WMK,e7,,20170517
WMK,t8,31.0,20170517
WMK,b4,34.45,20170517
WMK,p5,0.45,20170517
WMK,p6,1.57,20170517
WMK,r,18.14,20170517
WMK,m6,-11.49,20170517
WMK,m8,-9.82,20170517
WMK,d,1.2,20170517
WML.IL,p,5.232,20170517
WML.IL,k,5.759,20170517
WML.IL,j,4.366,20170517
WML.IL,k5,-9.149,20170517
WML.IL,j6,19.846,20170517
WML.IL,b4,0.0,20170517
WML.IL,r5,0.0,20170517
WML.IL,m6,-99.0,20170517
WML.IL,m8,-99.0,20170517
WMLP,y,15.19,20170517
WMLP,p,3.06,20170517
WMLP,k,6.9,20170517
WMLP,j,3.0,20170517
WMLP,k5,-55.65,20170517
WMLP,j6,2.0,20170517
WMLP,e,-1.78,20170517
WMLP,e7,-11.62,20170517
WMLP,e8,-11.62,20170517
WMLP,t8,0.92,20170517
WMLP,b4,-3.46,20170517
WMLP,p5,0.16,20170517
WMLP,m6,-41.51,20170517
WMLP,m8,-33.19,20170517
WMLP,d,0.53,20170517
WMMVF,y,1.77,20170517
WMMVF,p,2.28,20170517
WMMVF,k,2.49,20170517
WMMVF,j,1.6,20170517
WMMVF,k5,-9.24,20170517
WMMVF,j6,40.87,20170517
WMMVF,e,0.1,20170517
WMMVF,e7,0.09,20170517
WMMVF,e8,0.1,20170517
WMMVF,t8,45.0,20170517
WMMVF,b4,0.37,20170517
WMMVF,p5,1.41,20170517
WMMVF,p6,6.21,20170517
WMMVF,r,22.38,20170517
WMMVF,r5,1327.11,20170517
WMMVF,r6,25.11,20170517
WMMVF,r7,22.6,20170517
WMMVF,m6,13.48,20170517
WMMVF,m8,-1.1,20170517
WMMVF,d,0.03,20170517
WMMVY,y,1.5,20170517
WMMVY,p,22.77,20170517
WMMVY,k,24.91,20170517
WMMVY,j,15.95,20170517
WMMVY,k5,-8.79,20170517
WMMVY,j6,42.45,20170517
WMMVY,e,1.01,20170517
WMMVY,e7,0.99,20170517
WMMVY,e8,0.99,20170517
WMMVY,t8,26.45,20170517
WMMVY,b4,3.67,20170517
WMMVY,p5,1.41,20170517
WMMVY,p6,6.2,20170517
WMMVY,r,22.5,20170517
WMMVY,r5,2.17,20170517
WMMVY,r6,22.95,20170517
WMMVY,r7,22.95,20170517
WMMVY,m6,13.79,20170517
WMMVY,m8,-1.02,20170517
WMMVY,d,0.34,20170517
WMPN,y,1.17,20170517
WMPN,p,24.0,20170517
WMPN,k,27.79,20170517
WMPN,j,19.92,20170517
WMPN,k5,-13.64,20170517
WMPN,j6,20.48,20170517
WMPN,e,0.72,20170517
WMPN,b4,17.58,20170517
WMPN,p5,8.83,20170517
WMPN,p6,1.37,20170517
WMPN,r,33.47,20170517
WMPN,m6,3.69,20170517
WMPN,m8,-3.14,20170517
WMPN,d,0.28,20170517
WMS,y,1.08,20170517
WMS,p,22.05,20170517
WMS,k,28.49,20170517
WMS,j,18.6,20170517
WMS,k5,-25.06,20170517
WMS,j6,14.78,20170517
WMS,e,0.61,20170517
WMS,e7,1.09,20170517
WMS,e8,0.92,20170517
WMS,t8,24.29,20170517
WMS,b4,4.27,20170517
WMS,p5,0.97,20170517
WMS,p6,5.16,20170517
WMS,r,35.0,20170517
WMS,r5,1.38,20170517
WMS,r6,30.07,20170517
WMS,r7,23.21,20170517
WMS,m6,-2.99,20170517
WMS,m8,-4.74,20170517
WMS,d,0.24,20170517
WMT,y,2.69,20170517
WMT,p,75.11,20170517
WMT,k,77.05,20170517
WMT,j,62.72,20170517
WMT,k5,-2.47,20170517
WMT,j6,19.82,20170517
WMT,e,4.38,20170517
WMT,e7,4.32,20170517
WMT,e8,4.55,20170517
WMT,t8,75.18,20170517
WMT,b4,25.52,20170517
WMT,p5,0.47,20170517
WMT,p6,2.94,20170517
WMT,r,17.16,20170517
WMT,r5,3.48,20170517
WMT,r6,17.36,20170517
WMT,r7,16.52,20170517
WMT,m6,6.24,20170517
WMT,m8,1.29,20170517
WMT,d,2.04,20170517
WN-PA.TO,p,25.98,20170517
WN-PA.TO,k,26.34,20170517
WN-PA.TO,j,25.23,20170517
WN-PA.TO,k5,-1.63,20170517
WN-PA.TO,j6,2.7,20170517
WN-PA.TO,e,3.14,20170517
WN-PA.TO,m6,1.8,20170517
WN-PA.TO,m8,2.39,20170517
WN-PC.TO,p,25.22,20170517
WN-PC.TO,k,25.61,20170517
WN-PC.TO,j,23.54,20170517
WN-PC.TO,k5,-1.56,20170517
WN-PC.TO,j6,7.09,20170517
WN-PC.TO,e,3.14,20170517
WN-PC.TO,m6,1.89,20170517
WN-PC.TO,m8,0.22,20170517
WN-PE.TO,p,23.71,20170517
WN-PE.TO,k,24.2,20170517
WN-PE.TO,j,21.67,20170517
WN-PE.TO,k5,-2.48,20170517
WN-PE.TO,j6,8.91,20170517
WN-PE.TO,e,2.8,20170517
WN-PE.TO,m6,2.82,20170517
WN-PE.TO,m8,-0.06,20170517
WN.TO,y,1.48,20170517
WN.TO,p,123.57,20170517
WN.TO,k,125.67,20170517
WN.TO,j,100.41,20170517
WN.TO,k5,-3.31,20170517
WN.TO,j6,21.01,20170517
WN.TO,e,3.9,20170517
WN.TO,e7,6.99,20170517
WN.TO,b4,54.43,20170517
WN.TO,p5,0.33,20170517
WN.TO,p6,2.27,20170517
WN.TO,r,31.12,20170517
WN.TO,r5,2.01,20170517
WN.TO,r6,17.38,20170517
WN.TO,r7,15.6,20170517
WN.TO,m6,7.34,20170517
WN.TO,m8,1.84,20170517
WN.TO,d,1.82,20170517
WNC,y,1.12,20170517
WNC,p,21.5,20170517
WNC,k,24.16,20170517
WNC,j,10.74,20170517
WNC,k5,-13.82,20170517
WNC,j6,93.85,20170517
WNC,e,1.72,20170517
WNC,e7,1.53,20170517
WNC,e8,1.51,20170517
WNC,t8,22.43,20170517
WNC,b4,7.97,20170517
WNC,p5,0.73,20170517
WNC,p6,2.7,20170517
WNC,r,12.08,20170517
WNC,r5,0.94,20170517
WNC,r6,13.61,20170517
WNC,r7,13.79,20170517
WNC,m6,14.83,20170517
WNC,m8,-1.32,20170517
WNC,d,0.24,20170517
WNDLF,y,2.02,20170517
WNDLF,p,143.5,20170517
WNDLF,k,143.5,20170517
WNDLF,j,103.1,20170517
WNDLF,k5,0.0,20170517
WNDLF,j6,39.19,20170517
WNDLF,e,-9.14,20170517
WNDLF,b4,53.95,20170517
WNDLF,p5,0.72,20170517
WNDLF,p6,2.66,20170517
WNDLF,m6,18.72,20170517
WNDLF,m8,9.58,20170517
WNDLF,d,2.44,20170517
WNEB,y,1.17,20170517
WNEB,p,10.3,20170517
WNEB,k,10.75,20170517
WNEB,j,7.35,20170517
WNEB,k5,-6.05,20170517
WNEB,j6,37.41,20170517
WNEB,e,0.35,20170517
WNEB,e7,0.59,20170517
WNEB,e8,0.62,20170517
WNEB,t8,11.44,20170517
WNEB,b4,8.31,20170517
WNEB,p5,6.21,20170517
WNEB,p6,1.24,20170517
WNEB,r,29.19,20170517
WNEB,r5,1.75,20170517
WNEB,r6,17.12,20170517
WNEB,r7,16.29,20170517
WNEB,m6,5.91,20170517
WNEB,m8,-2.04,20170517
WNEB,d,0.12,20170517
WNGRF,y,1.62,20170517
WNGRF,p,91.56,20170517
WNGRF,k,91.56,20170517
WNGRF,j,76.25,20170517
WNGRF,k5,-1.68,20170517
WNGRF,j6,18.06,20170517
WNGRF,e,2.87,20170517
WNGRF,b4,39.96,20170517
WNGRF,p5,0.33,20170517
WNGRF,p6,2.29,20170517
WNGRF,r,31.4,20170517
WNGRF,m6,6.53,20170517
WNGRF,m8,2.2,20170517
WNGRF,d,1.31,20170517
WNR,y,4.34,20170517
WNR,p,35.48,20170517
WNR,k,40.09,20170517
WNR,j,18.14,20170517
WNR,k5,-10.75,20170517
WNR,j6,97.24,20170517
WNR,e,1.0,20170517
WNR,e7,1.55,20170517
WNR,e8,2.78,20170517
WNR,t8,36.13,20170517
WNR,b4,15.28,20170517
WNR,p5,0.45,20170517
WNR,p6,2.32,20170517
WNR,r,35.64,20170517
WNR,r5,0.78,20170517
WNR,r6,23.08,20170517
WNR,r7,12.87,20170517
WNR,m6,0.94,20170517
WNR,m8,2.91,20170517
WNR,d,1.52,20170517
WNRL,y,7.27,20170517
WNRL,p,25.25,20170517
WNRL,k,26.28,20170517
WNRL,j,18.85,20170517
WNRL,k5,-4.87,20170517
WNRL,j6,32.63,20170517
WNRL,e,1.29,20170517
WNRL,e7,1.52,20170517
WNRL,e8,1.81,20170517
WNRL,t8,27.67,20170517
WNRL,b4,1.7,20170517
WNRL,p5,0.65,20170517
WNRL,p6,14.82,20170517
WNRL,r,19.38,20170517
WNRL,r5,0.76,20170517
WNRL,r6,16.45,20170517
WNRL,r7,13.81,20170517
WNRL,m6,8.11,20170517
WNRL,m8,0.25,20170517
WNRL,d,1.81,20170517
WNRP,y,1.98,20170517
WNRP,p,560.0,20170517
WNRP,k,560.0,20170517
WNRP,j,415.0,20170517
WNRP,k5,0.0,20170517
WNRP,j6,34.94,20170517
WNRP,e,31.57,20170517
WNRP,b4,495.21,20170517
WNRP,p5,3.36,20170517
WNRP,p6,1.13,20170517
WNRP,r,17.74,20170517
WNRP,m6,11.51,20170517
WNRP,m8,2.4,20170517
WNRP,d,11.0,20170517
WNXDY,p,14.28,20170517
WNXDY,k,14.97,20170517
WNXDY,j,11.28,20170517
WNXDY,k5,-4.61,20170517
WNXDY,j6,26.6,20170517
WNXDY,e,0.73,20170517
WNXDY,b4,3.0,20170517
WNXDY,p5,0.76,20170517
WNXDY,p6,4.76,20170517
WNXDY,r,19.43,20170517
WNXDY,m6,0.07,20170517
WNXDY,m8,0.0,20170517
WOL.VI,p,19.1,20170517
WOL.VI,k,26.01,20170517
WOL.VI,j,19.1,20170517
WOL.VI,k5,-26.37,20170517
WOL.VI,j6,0.26,20170517
WOL.VI,e7,1.56,20170517
WOL.VI,m6,-7.05,20170517
WOL.VI,m8,-0.99,20170517
WOLWF,y,4.95,20170517
WOLWF,p,19.83,20170517
WOLWF,k,20.49,20170517
WOLWF,j,15.19,20170517
WOLWF,k5,-3.22,20170517
WOLWF,j6,30.56,20170517
WOLWF,e,0.27,20170517
WOLWF,b4,5.33,20170517
WOLWF,p5,0.58,20170517
WOLWF,p6,3.72,20170517
WOLWF,r,72.9,20170517
WOLWF,m6,6.69,20170517
WOLWF,m8,-0.33,20170517
WOLWF,d,0.83,20170517
WONEF,p,1.004,20170517
WONEF,k,1.072,20170517
WONEF,j,1.004,20170517
WONEF,k5,-6.308,20170517
WONEF,j6,0.0,20170517
WONEF,e,-10.687,20170517
WONEF,b4,3.792,20170517
WONEF,p5,0.188,20170517
WONEF,p6,0.265,20170517
WONEF,r5,0.0,20170517
WONEF,m6,125.562,20170517
WONEF,m8,69.227,20170517
WOOD,p,60.07,20170517
WOOD,k,60.07,20170517
WOOD,j,42.8,20170517
WOOD,k5,-1.475,20170517
WOOD,j6,38.28,20170517
WOOD,b4,0.0,20170517
WOOD,r5,0.0,20170517
WOOD,m6,6.645,20170517
WOOD,m8,0.953,20170517
WOPEY,y,3.46,20170517
WOPEY,p,24.15,20170517
WOPEY,k,25.39,20170517
WOPEY,j,18.45,20170517
WOPEY,k5,-5.83,20170517
WOPEY,j6,29.58,20170517
WOPEY,e,1.04,20170517
WOPEY,e7,1.85,20170517
WOPEY,t8,44.82,20170517
WOPEY,b4,17.61,20170517
WOPEY,p5,4.99,20170517
WOPEY,p6,1.37,20170517
WOPEY,r,22.99,20170517
WOPEY,m6,1.44,20170517
WOPEY,m8,-2.06,20170517
WOPEY,d,0.83,20170517
WOR,y,1.93,20170517
WOR,p,42.38,20170517
WOR,k,62.44,20170517
WOR,j,34.31,20170517
WOR,k5,-33.38,20170517
WOR,j6,21.25,20170517
WOR,e,3.2,20170517
WOR,e7,3.17,20170517
WOR,e8,3.07,20170517
WOR,t8,45.0,20170517
WOR,b4,14.31,20170517
WOR,p5,0.94,20170517
WOR,p6,2.96,20170517
WOR,r,12.99,20170517
WOR,r5,0.32,20170517
WOR,r6,13.12,20170517
WOR,r7,13.55,20170517
WOR,m6,-15.34,20170517
WOR,m8,-4.13,20170517
WOR,d,0.8,20170517
WOR.L,p,207.5,20170517
WOR.L,k,240.0,20170517
WOR.L,j,135.0,20170517
WOR.L,k5,-13.54,20170517
WOR.L,j6,53.7,20170517
WOR.L,e,14.5,20170517
WOR.L,e7,,20170517
WOR.L,b4,1.26,20170517
WOR.L,p5,185.54,20170517
WOR.L,p6,164.29,20170517
WOR.L,r,14.31,20170517
WOR.L,m6,2.57,20170517
WOR.L,m8,-3.65,20170517
WOS.L,y,2.04,20170517
WOS.L,p,4996.0,20170517
WOS.L,k,5285.0,20170517
WOS.L,j,3489.0,20170517
WOS.L,k5,-6.91,20170517
WOS.L,j6,41.01,20170517
WOS.L,e,239.4,20170517
WOS.L,e7,302.31,20170517
WOS.L,b4,12.32,20170517
WOS.L,p5,77.91,20170517
WOS.L,p6,405.42,20170517
WOS.L,r,20.55,20170517
WOS.L,r5,1.12,20170517
WOS.L,r6,16.27,20170517
WOS.L,r7,15.02,20170517
WOS.L,m6,0.73,20170517
WOS.L,m8,-0.78,20170517
WOS.L,d,1.32,20170517
WOSYY,y,2.04,20170517
WOSYY,p,6.46,20170517
WOSYY,k,6.63,20170517
WOSYY,j,4.62,20170517
WOSYY,k5,-3.92,20170517
WOSYY,j6,37.88,20170517
WOSYY,e,0.31,20170517
WOSYY,e7,0.34,20170517
WOSYY,e8,0.39,20170517
WOSYY,t8,6.95,20170517
WOSYY,b4,1.58,20170517
WOSYY,p5,0.78,20170517
WOSYY,p6,4.08,20170517
WOSYY,r,20.72,20170517
WOSYY,m6,4.38,20170517
WOSYY,m8,0.47,20170517
WOSYY,d,0.13,20170517
WPB.VI,p,9.01,20170517
WPB.VI,k,9.15,20170517
WPB.VI,j,6.56,20170517
WPB.VI,k5,0.0,20170517
WPB.VI,j6,39.48,20170517
WPB.VI,m6,14.15,20170517
WPB.VI,m8,8.35,20170517
WPC,y,6.41,20170517
WPC,p,62.19,20170517
WPC,k,72.89,20170517
WPC,j,55.77,20170517
WPC,k5,-13.32,20170517
WPC,j6,13.28,20170517
WPC,e,2.48,20170517
WPC,e7,2.68,20170517
WPC,e8,2.34,20170517
WPC,t8,62.93,20170517
WPC,b4,30.57,20170517
WPC,p5,7.49,20170517
WPC,p6,2.03,20170517
WPC,r,25.49,20170517
WPC,r7,27.0,20170517
WPC,m6,3.39,20170517
WPC,m8,0.76,20170517
WPC,d,3.98,20170517
WPCT.L,p,92.45,20170517
WPCT.L,k,92.83,20170517
WPCT.L,j,80.5,20170517
WPCT.L,k5,-0.68,20170517
WPCT.L,j6,14.53,20170517
WPCT.L,m6,9574.16,20170517
WPCT.L,m8,9461.24,20170517
WPG,y,12.77,20170517
WPG,p,7.56,20170517
WPG,k,14.15,20170517
WPG,j,7.31,20170517
WPG,k5,-47.173,20170517
WPG,j6,2.257,20170517
WPG,e,0.29,20170517
WPG,e7,1.05,20170517
WPG,e8,0.33,20170517
WPG,t8,8.8,20170517
WPG,b4,4.625,20170517
WPG,p5,1.677,20170517
WPG,p6,1.635,20170517
WPG,r,25.776,20170517
WPG,r5,0.0,20170517
WPG,r6,7.119,20170517
WPG,r7,22.652,20170517
WPG,m6,-20.859,20170517
WPG,m8,-14.052,20170517
WPG,d,1.0,20170517
WPG.L,y,0.4,20170517
WPG.L,p,317.4,20170517
WPG.L,k,320.8,20170517
WPG.L,j,247.6,20170517
WPG.L,k5,-1.62,20170517
WPG.L,j6,27.46,20170517
WPG.L,e,6.6,20170517
WPG.L,e7,13.37,20170517
WPG.L,b4,0.42,20170517
WPG.L,p5,561.18,20170517
WPG.L,p6,757.52,20170517
WPG.L,r,47.82,20170517
WPG.L,r5,1.45,20170517
WPG.L,r6,23.61,20170517
WPG.L,r7,20.24,20170517
WPG.L,m6,11.57,20170517
WPG.L,m8,3.89,20170517
WPG.L,d,0.02,20170517
WPK.TO,y,0.2,20170517
WPK.TO,p,59.76,20170517
WPK.TO,k,59.85,20170517
WPK.TO,j,42.4,20170517
WPK.TO,k5,-2.231,20170517
WPK.TO,j6,38.007,20170517
WPK.TO,e,1.636,20170517
WPK.TO,e7,1.75,20170517
WPK.TO,b4,11.273,20170517
WPK.TO,p5,4.555,20170517
WPK.TO,p6,5.301,20170517
WPK.TO,r,35.767,20170517
WPK.TO,r5,0.0,20170517
WPK.TO,r6,33.437,20170517
WPK.TO,r7,31.291,20170517
WPK.TO,m6,17.455,20170517
WPK.TO,m8,5.459,20170517
WPK.TO,d,0.12,20170517
WPP.L,y,4.23,20170517
WPP.L,p,1717.0,20170517
WPP.L,k,1928.07,20170517
WPP.L,j,1204.0,20170517
WPP.L,k5,-11.26,20170517
WPP.L,j6,42.11,20170517
WPP.L,e,108.0,20170517
WPP.L,e7,126.49,20170517
WPP.L,b4,7.36,20170517
WPP.L,p5,151.19,20170517
WPP.L,p6,233.29,20170517
WPP.L,r,15.84,20170517
WPP.L,m6,-2.99,20170517
WPP.L,m8,0.02,20170517
WPP.L,d,0.91,20170517
WPPGF,y,3.0,20170517
WPPGF,p,21.5,20170517
WPPGF,k,23.96,20170517
WPPGF,j,19.4,20170517
WPPGF,k5,-10.27,20170517
WPPGF,j6,10.82,20170517
WPPGF,e,1.39,20170517
WPPGF,e7,7.28,20170517
WPPGF,e8,8.07,20170517
WPPGF,t8,131.51,20170517
WPPGF,b4,9.45,20170517
WPPGF,p5,1.47,20170517
WPPGF,p6,2.27,20170517
WPPGF,r,15.5,20170517
WPPGF,m6,-1.84,20170517
WPPGF,m8,-0.76,20170517
WPPGF,d,0.63,20170517
WPPGY,y,3.16,20170517
WPPGY,p,110.95,20170517
WPPGY,k,121.55,20170517
WPPGY,j,96.94,20170517
WPPGY,k5,-9.03,20170517
WPPGY,j6,14.07,20170517
WPPGY,e,6.93,20170517
WPPGY,e7,9.39,20170517
WPPGY,e8,8.06,20170517
WPPGY,t8,133.0,20170517
WPPGY,b4,47.27,20170517
WPPGY,p5,1.52,20170517
WPPGY,p6,2.35,20170517
WPPGY,r,15.95,20170517
WPPGY,m6,0.58,20170517
WPPGY,m8,1.78,20170517
WPPGY,d,3.47,20170517
WPT,y,7.22,20170517
WPT,p,16.62,20170517
WPT,k,17.9,20170517
WPT,j,14.25,20170517
WPT,k5,-7.346,20170517
WPT,j6,16.386,20170517
WPT,e,1.045,20170517
WPT,e7,1.09,20170517
WPT,e8,1.07,20170517
WPT,t8,17.0,20170517
WPT,b4,5.508,20170517
WPT,p5,5.816,20170517
WPT,p6,3.017,20170517
WPT,r,15.871,20170517
WPT,r5,0.68,20170517
WPT,r6,15.216,20170517
WPT,r7,15.5,20170517
WPT,m6,0.321,20170517
WPT,m8,-1.282,20170517
WPT,d,1.2,20170517
WPTIF,y,5.8,20170517
WPTIF,p,13.2427,20170517
WPTIF,k,13.51,20170517
WPTIF,j,10.37,20170517
WPTIF,k5,-3.416,20170517
WPTIF,j6,25.8293,20170517
WPTIF,e,0.861,20170517
WPTIF,b4,9.209,20170517
WPTIF,p5,7.7052,20170517
WPTIF,p6,1.438,20170517
WPTIF,r,15.1551,20170517
WPTIF,r5,0.0,20170517
WPTIF,m6,6.1311,20170517
WPTIF,m8,-0.1056,20170517
WPTIF,d,0.76,20170517
WPXP,y,5.62,20170517
WPXP,p,56.29,20170517
WPXP,k,71.83,20170517
WPXP,j,41.6,20170517
WPXP,k5,-21.84,20170517
WPXP,j6,34.95,20170517
WPXP,e,-1.57,20170517
WPXP,b4,10.03,20170517
WPXP,p5,22.4,20170517
WPXP,p6,5.61,20170517
WPXP,m6,-6.32,20170517
WPXP,m8,-1.04,20170517
WPXP,d,3.12,20170517
WPZ,y,7.71,20170517
WPZ,p,41.31,20170517
WPZ,k,42.32,20170517
WPZ,j,28.93,20170517
WPZ,k5,-4.42,20170517
WPZ,j6,39.82,20170517
WPZ,e,-0.17,20170517
WPZ,e7,0.76,20170517
WPZ,e8,1.85,20170517
WPZ,t8,55.0,20170517
WPZ,b4,35.34,20170517
WPZ,p5,5.27,20170517
WPZ,p6,1.17,20170517
WPZ,r5,3.54,20170517
WPZ,r6,27.71,20170517
WPZ,r7,21.86,20170517
WPZ,m6,3.85,20170517
WPZ,m8,-1.38,20170517
WPZ,d,3.15,20170517
WR,y,3.09,20170517
WR,p,51.66,20170517
WR,k,57.5,20170517
WR,j,50.35,20170517
WR,k5,-9.7522,20170517
WR,j6,3.0636,20170517
WR,e,2.43,20170517
WR,e7,2.52,20170517
WR,e8,2.58,20170517
WR,t8,51.79,20170517
WR,b4,26.841,20170517
WR,p5,2.8641,20170517
WR,p6,1.9247,20170517
WR,r,21.3549,20170517
WR,r5,7.36,20170517
WR,r6,20.5923,20170517
WR,r7,20.1134,20170517
WR,m6,-5.3989,20170517
WR,m8,-2.2729,20170517
WR,d,1.6,20170517
WRB,y,0.79,20170517
WRB,p,66.45,20170517
WRB,k,73.17,20170517
WRB,j,54.7,20170517
WRB,k5,-8.808,20170517
WRB,j6,21.984,20170517
WRB,e,4.71,20170517
WRB,e7,3.15,20170517
WRB,e8,3.47,20170517
WRB,t8,67.38,20170517
WRB,b4,42.73,20170517
WRB,p5,1.044,20170517
WRB,p6,1.555,20170517
WRB,r,14.167,20170517
WRB,r5,16.03,20170517
WRB,r6,21.183,20170517
WRB,r7,19.229,20170517
WRB,m6,-0.107,20170517
WRB,m8,-2.322,20170517
WRB,d,0.52,20170517
WRCDF,y,0.36,20170517
WRCDF,p,62.4,20170517
WRCDF,k,62.4,20170517
WRCDF,j,40.79,20170517
WRCDF,k5,-2.64,20170517
WRCDF,j6,48.93,20170517
WRCDF,e,2.36,20170517
WRCDF,b4,13.02,20170517
WRCDF,p5,6.68,20170517
WRCDF,p6,4.79,20170517
WRCDF,r,25.8,20170517
WRCDF,m6,22.91,20170517
WRCDF,m8,5.3,20170517
WRCDF,d,0.16,20170517
WRDEF,p,42.3,20170517
WRDEF,k,58.6,20170517
WRDEF,j,42.3,20170517
WRDEF,k5,-27.82,20170517
WRDEF,j6,0.0,20170517
WRDEF,e,2.36,20170517
WRDEF,b4,53.62,20170517
WRDEF,p5,5.82,20170517
WRDEF,p6,0.79,20170517
WRDEF,r,17.93,20170517
WRDEF,m6,-2.92,20170517
WRDEF,m8,0.0,20170517
WRE,y,3.87,20170517
WRE,p,31.47,20170517
WRE,k,34.61,20170517
WRE,j,27.65,20170517
WRE,k5,-8.52,20170517
WRE,j6,14.5,20170517
WRE,e,1.67,20170517
WRE,e7,0.36,20170517
WRE,e8,0.45,20170517
WRE,t8,34.58,20170517
WRE,b4,14.1,20170517
WRE,p5,7.71,20170517
WRE,p6,2.23,20170517
WRE,r,18.95,20170517
WRE,r5,22.42,20170517
WRE,r6,87.94,20170517
WRE,r7,70.36,20170517
WRE,m6,0.35,20170517
WRE,m8,-0.12,20170517
WRE,d,1.2,20170517
WRG.TO,p,2.1,20170517
WRG.TO,k,3.71,20170517
WRG.TO,j,1.9,20170517
WRG.TO,k5,-42.86,20170517
WRG.TO,j6,11.58,20170517
WRG.TO,e,-0.81,20170517
WRG.TO,e7,-0.48,20170517
WRG.TO,b4,5.43,20170517
WRG.TO,p5,0.89,20170517
WRG.TO,p6,0.39,20170517
WRG.TO,r5,0.35,20170517
WRG.TO,m6,-18.22,20170517
WRG.TO,m8,-2.08,20170517
WRI,y,4.94,20170517
WRI,p,30.1,20170517
WRI,k,43.7,20170517
WRI,j,29.83,20170517
WRI,k5,-30.73,20170517
WRI,j6,1.48,20170517
WRI,e,1.27,20170517
WRI,e7,0.98,20170517
WRI,e8,1.04,20170517
WRI,t8,38.0,20170517
WRI,b4,12.22,20170517
WRI,p5,6.89,20170517
WRI,p6,2.46,20170517
WRI,r,23.8,20170517
WRI,r5,3.53,20170517
WRI,r6,30.89,20170517
WRI,r7,29.11,20170517
WRI,m6,-12.67,20170517
WRI,m8,-9.16,20170517
WRI,d,1.54,20170517
WRK,y,2.98,20170517
WRK,p,53.79,20170517
WRK,k,56.32,20170517
WRK,j,35.77,20170517
WRK,k5,-6.91,20170517
WRK,j6,46.58,20170517
WRK,e,0.72,20170517
WRK,e7,2.5,20170517
WRK,e8,3.48,20170517
WRK,t8,61.18,20170517
WRK,b4,39.04,20170517
WRK,p5,0.93,20170517
WRK,p6,1.38,20170517
WRK,r,72.92,20170517
WRK,r5,2.06,20170517
WRK,r6,20.97,20170517
WRK,r7,15.07,20170517
WRK,m6,0.89,20170517
WRK,m8,-0.65,20170517
WRK,d,1.6,20170517
WRTBF,p,59.74,20170517
WRTBF,k,61.0,20170517
WRTBF,j,41.55,20170517
WRTBF,k5,-2.07,20170517
WRTBF,j6,43.78,20170517
WRTBF,e,1.92,20170517
WRTBF,b4,11.59,20170517
WRTBF,p5,2.23,20170517
WRTBF,p6,5.16,20170517
WRTBF,r,31.1,20170517
WRTBF,m6,23.15,20170517
WRTBF,m8,10.43,20170517
WSBC,y,2.7,20170517
WSBC,p,38.91,20170517
WSBC,k,44.19,20170517
WSBC,j,29.44,20170517
WSBC,k5,-14.87,20170517
WSBC,j6,27.79,20170517
WSBC,e,2.16,20170517
WSBC,e7,2.49,20170517
WSBC,e8,2.74,20170517
WSBC,t8,43.2,20170517
WSBC,b4,30.92,20170517
WSBC,p5,5.03,20170517
WSBC,p6,1.26,20170517
WSBC,r,17.43,20170517
WSBC,r5,1.56,20170517
WSBC,r6,15.11,20170517
WSBC,r7,13.73,20170517
WSBC,m6,-5.41,20170517
WSBC,m8,-3.18,20170517
WSBC,d,1.04,20170517
WSBF,y,2.55,20170517
WSBF,p,18.8,20170517
WSBF,k,20.4,20170517
WSBF,j,13.83,20170517
WSBF,k5,-9.375,20170517
WSBF,j6,33.6768,20170517
WSBF,e,1.029,20170517
WSBF,e7,1.1,20170517
WSBF,e8,1.32,20170517
WSBF,t8,20.5,20170517
WSBF,b4,15.191,20170517
WSBF,p5,2.8979,20170517
WSBF,p6,1.2376,20170517
WSBF,r,17.9665,20170517
WSBF,r5,0.0,20170517
WSBF,r6,16.8068,20170517
WSBF,r7,14.0057,20170517
WSBF,m6,0.9308,20170517
WSBF,m8,-1.0776,20170517
WSBF,d,0.48,20170517
WSCI,y,0.0,20170517
WSCI,p,3.15,20170517
WSCI,k,3.87,20170517
WSCI,j,2.73,20170517
WSCI,k5,-15.9793,20170517
WSCI,j6,19.1062,20170517
WSCI,e,-0.222,20170517
WSCI,e7,,20170517
WSCI,b4,4.575,20170517
WSCI,p5,0.3102,20170517
WSCI,p6,0.6885,20170517
WSCI,r5,0.0,20170517
WSCI,m6,6.9838,20170517
WSCI,m8,-1.4753,20170517
WSCI,d,0.0,20170517
WSFS,y,0.62,20170517
WSFS,p,45.5,20170517
WSFS,k,50.55,20170517
WSFS,j,30.56,20170517
WSFS,k5,-14.05,20170517
WSFS,j6,42.18,20170517
WSFS,e,2.13,20170517
WSFS,e7,2.59,20170517
WSFS,e8,3.03,20170517
WSFS,t8,52.17,20170517
WSFS,b4,22.38,20170517
WSFS,p5,4.87,20170517
WSFS,p6,2.03,20170517
WSFS,r,20.38,20170517
WSFS,r5,1.74,20170517
WSFS,r6,16.78,20170517
WSFS,r7,14.34,20170517
WSFS,m6,-2.77,20170517
WSFS,m8,-6.43,20170517
WSFS,d,0.28,20170517
WSFSL,p,25.48,20170517
WSFSL,k,28.3,20170517
WSFSL,j,25.31,20170517
WSFSL,k5,-9.96,20170517
WSFSL,j6,0.67,20170517
WSFSL,e,2.13,20170517
WSFSL,b4,22.38,20170517
WSFSL,p5,2.73,20170517
WSFSL,p6,1.14,20170517
WSFSL,r,11.95,20170517
WSFSL,m6,-1.19,20170517
WSFSL,m8,-0.67,20170517
WSM,y,3.04,20170517
WSM,p,50.22,20170517
WSM,k,57.4,20170517
WSM,j,45.96,20170517
WSM,k5,-12.63,20170517
WSM,j6,9.12,20170517
WSM,e,3.41,20170517
WSM,e7,3.54,20170517
WSM,e8,3.8,20170517
WSM,t8,51.79,20170517
WSM,b4,14.29,20170517
WSM,p5,0.86,20170517
WSM,p6,3.51,20170517
WSM,r,14.71,20170517
WSM,r5,1.77,20170517
WSM,r6,14.17,20170517
WSM,r7,13.2,20170517
WSM,m6,-1.67,20170517
WSM,m8,-6.45,20170517
WSM,d,1.56,20170517
WSO,y,3.05,20170517
WSO,p,139.55,20170517
WSO,k,159.55,20170517
WSO,j,127.66,20170517
WSO,k5,-14.1,20170517
WSO,j6,7.36,20170517
WSO,e,5.15,20170517
WSO,e7,5.62,20170517
WSO,e8,6.28,20170517
WSO,t8,151.0,20170517
WSO,b4,29.97,20170517
WSO,p5,1.07,20170517
WSO,p6,4.66,20170517
WSO,r,26.62,20170517
WSO,r5,2.01,20170517
WSO,r6,24.39,20170517
WSO,r7,21.82,20170517
WSO,m6,-6.43,20170517
WSO,m8,-1.88,20170517
WSO,d,4.2,20170517
WSO-B,y,3.04,20170517
WSO-B,p,138.12,20170517
WSO-B,k,157.72,20170517
WSO-B,j,128.85,20170517
WSO-B,k5,-12.43,20170517
WSO-B,j6,7.19,20170517
WSO-B,e,5.15,20170517
WSO-B,b4,29.97,20170517
WSO-B,p5,1.06,20170517
WSO-B,p6,4.61,20170517
WSO-B,r,26.82,20170517
WSO-B,m6,-5.83,20170517
WSO-B,m8,-1.61,20170517
WSO-B,d,4.2,20170517
WSP.TO,y,3.02,20170517
WSP.TO,p,49.48,20170517
WSP.TO,k,50.46,20170517
WSP.TO,j,37.0,20170517
WSP.TO,k5,-2.79,20170517
WSP.TO,j6,32.57,20170517
WSP.TO,e,2.16,20170517
WSP.TO,e7,2.69,20170517
WSP.TO,b4,28.5,20170517
WSP.TO,p5,0.77,20170517
WSP.TO,p6,1.74,20170517
WSP.TO,r,22.75,20170517
WSP.TO,r5,0.67,20170517
WSP.TO,r6,18.23,20170517
WSP.TO,r7,16.24,20170517
WSP.TO,m6,5.12,20170517
WSP.TO,m8,0.62,20170517
WSP.TO,d,1.09,20170517
WSR,y,9.47,20170517
WSR,p,12.01,20170517
WSR,k,16.3,20170517
WSR,j,10.8,20170517
WSR,k5,-30.86,20170517
WSR,j6,4.35,20170517
WSR,e,0.12,20170517
WSR,e7,0.29,20170517
WSR,e8,0.33,20170517
WSR,t8,15.67,20170517
WSR,b4,8.59,20170517
WSR,p5,4.26,20170517
WSR,p6,1.4,20170517
WSR,r,90.16,20170517
WSR,r6,38.86,20170517
WSR,r7,34.15,20170517
WSR,m6,-16.67,20170517
WSR,m8,-13.67,20170517
WSR,d,1.14,20170517
WSSH,y,3.35,20170517
WSSH,p,25.6591,20170517
WSSH,k,30.0,20170517
WSSH,j,22.75,20170517
WSSH,k5,-14.4697,20170517
WSSH,j6,12.7873,20170517
WSSH,b4,0.0,20170517
WSSH,r5,0.0,20170517
WSSH,m6,-1.9133,20170517
WSSH,m8,-4.5388,20170517
WSSH,d,0.86,20170517
WST,y,0.55,20170517
WST,p,96.25,20170517
WST,k,96.97,20170517
WST,j,70.17,20170517
WST,k5,-0.55,20170517
WST,j6,37.44,20170517
WST,e,2.42,20170517
WST,e7,2.73,20170517
WST,e8,2.99,20170517
WST,t8,89.0,20170517
WST,b4,15.89,20170517
WST,p5,4.61,20170517
WST,p6,6.06,20170517
WST,r,39.92,20170517
WST,r5,1.84,20170517
WST,r6,35.33,20170517
WST,r7,32.25,20170517
WST,m6,15.32,20170517
WST,m8,11.58,20170517
WST,d,0.52,20170517
WSTC,y,0.0,20170517
WSTC,p,23.12,20170517
WSTC,k,28.57,20170517
WSTC,j,18.55,20170517
WSTC,k5,-19.023,20170517
WSTC,j6,24.717,20170517
WSTC,e,2.39,20170517
WSTC,e7,2.89,20170517
WSTC,e8,3.05,20170517
WSTC,t8,23.79,20170517
WSTC,b4,-4.686,20170517
WSTC,p5,0.84,20170517
WSTC,r,9.68,20170517
WSTC,r5,5.56,20170517
WSTC,r6,8.005,20170517
WSTC,r7,7.585,20170517
WSTC,m6,-5.001,20170517
WSTC,m8,-5.086,20170517
WSTC,d,0.0,20170517
WSTG,y,3.34,20170517
WSTG,p,20.4,20170517
WSTG,k,21.75,20170517
WSTG,j,16.35,20170517
WSTG,k5,-7.13,20170517
WSTG,j6,23.55,20170517
WSTG,e,1.39,20170517
WSTG,e7,1.25,20170517
WSTG,e8,1.41,20170517
WSTG,t8,19.0,20170517
WSTG,b4,8.5,20170517
WSTG,p5,0.2,20170517
WSTG,p6,2.4,20170517
WSTG,r,14.51,20170517
WSTG,m6,10.9,20170517
WSTG,m8,4.46,20170517
WSTG,d,0.68,20170517
WTAN.L,p,1008.0,20170517
WTAN.L,k,1007.52,20170517
WTAN.L,j,710.0,20170517
WTAN.L,k5,-0.65,20170517
WTAN.L,j6,40.99,20170517
WTAN.L,e,172.1,20170517
WTAN.L,e7,,20170517
WTAN.L,m6,10300.65,20170517
WTAN.L,m8,9888.92,20170517
WTB.L,p,4132.0,20170517
WTB.L,k,4402.0,20170517
WTB.L,j,3283.0,20170517
WTB.L,k5,-6.27,20170517
WTB.L,j6,25.68,20170517
WTB.L,e,230.9,20170517
WTB.L,e7,256.07,20170517
WTB.L,b4,13.87,20170517
WTB.L,p5,242.52,20170517
WTB.L,p6,297.93,20170517
WTB.L,r,17.87,20170517
WTB.L,r5,2.34,20170517
WTB.L,r6,16.11,20170517
WTB.L,r7,14.92,20170517
WTB.L,m6,7.27,20170517
WTB.L,m8,1.56,20170517
WTBA,y,3.19,20170517
WTBA,p,22.9,20170517
WTBA,k,25.05,20170517
WTBA,j,17.45,20170517
WTBA,k5,-10.78,20170517
WTBA,j6,28.08,20170517
WTBA,e,1.44,20170517
WTBA,e7,1.49,20170517
WTBA,e8,1.73,20170517
WTBA,t8,25.0,20170517
WTBA,b4,10.49,20170517
WTBA,p5,5.71,20170517
WTBA,p6,2.18,20170517
WTBA,r,15.52,20170517
WTBA,r6,15.0,20170517
WTBA,r7,12.92,20170517
WTBA,m6,-3.01,20170517
WTBA,m8,-3.49,20170517
WTBA,d,0.72,20170517
WTBCF,p,52.3,20170517
WTBCF,k,61.6,20170517
WTBCF,j,42.75,20170517
WTBCF,k5,-15.1,20170517
WTBCF,j6,22.34,20170517
WTBCF,e,2.97,20170517
WTBCF,b4,17.82,20170517
WTBCF,p5,2.39,20170517
WTBCF,p6,2.94,20170517
WTBCF,r,17.63,20170517
WTBCF,m6,9.28,20170517
WTBCF,m8,2.97,20170517
WTE.TO,y,3.1,20170517
WTE.TO,p,20.04,20170517
WTE.TO,k,29.05,20170517
WTE.TO,j,16.98,20170517
WTE.TO,k5,-31.98,20170517
WTE.TO,j6,16.37,20170517
WTE.TO,e,1.38,20170517
WTE.TO,e7,1.42,20170517
WTE.TO,b4,8.51,20170517
WTE.TO,p5,4.75,20170517
WTE.TO,p6,2.36,20170517
WTE.TO,r,14.34,20170517
WTE.TO,r6,13.92,20170517
WTE.TO,r7,11.49,20170517
WTE.TO,m6,-24.35,20170517
WTE.TO,m8,-19.56,20170517
WTE.TO,d,0.64,20170517
WTFC,y,0.79,20170517
WTFC,p,72.64,20170517
WTFC,k,76.71,20170517
WTFC,j,46.62,20170517
WTFC,k5,-10.17,20170517
WTFC,j6,47.81,20170517
WTFC,e,3.76,20170517
WTFC,e7,4.09,20170517
WTFC,e8,4.59,20170517
WTFC,t8,75.32,20170517
WTFC,b4,47.88,20170517
WTFC,p5,3.67,20170517
WTFC,p6,1.52,20170517
WTFC,r,18.33,20170517
WTFC,r5,4.33,20170517
WTFC,r6,16.85,20170517
WTFC,r7,15.01,20170517
WTFC,m6,-0.7,20170517
WTFC,m8,-1.4,20170517
WTFC,d,0.56,20170517
WTFCM,y,6.02,20170517
WTFCM,p,27.32,20170517
WTFCM,k,30.61,20170517
WTFCM,j,25.43,20170517
WTFCM,k5,-10.93,20170517
WTFCM,j6,7.2,20170517
WTFCM,e,3.76,20170517
WTFCM,b4,47.88,20170517
WTFCM,p5,1.38,20170517
WTFCM,p6,0.57,20170517
WTFCM,r,7.25,20170517
WTFCM,m6,1.11,20170517
WTFCM,m8,0.57,20170517
WTFCM,d,1.64,20170517
WTHEF,p,1.37,20170517
WTHEF,k,1.37,20170517
WTHEF,j,1.37,20170517
WTHEF,k5,0.0,20170517
WTHEF,j6,0.0,20170517
WTHEF,e,0.16,20170517
WTHEF,b4,2.89,20170517
WTHEF,p5,2.32,20170517
WTHEF,p6,0.47,20170517
WTHEF,r,8.35,20170517
WTHEF,m6,3.29,20170517
WTHEF,m8,3.0,20170517
WTKWY,y,2.02,20170517
WTKWY,p,44.21,20170517
WTKWY,k,44.45,20170517
WTKWY,j,33.09,20170517
WTKWY,k5,-0.38,20170517
WTKWY,j6,33.82,20170517
WTKWY,e,1.81,20170517
WTKWY,e7,2.33,20170517
WTKWY,e8,2.33,20170517
WTKWY,t8,34.0,20170517
WTKWY,b4,9.94,20170517
WTKWY,p5,2.71,20170517
WTKWY,p6,4.45,20170517
WTKWY,r,24.45,20170517
WTKWY,m6,13.94,20170517
WTKWY,m8,4.6,20170517
WTKWY,d,0.87,20170517
WTM,y,0.12,20170517
WTM,p,860.91,20170517
WTM,k,948.94,20170517
WTM,j,790.0,20170517
WTM,k5,-9.3,20170517
WTM,j6,8.95,20170517
WTM,e,90.9,20170517
WTM,e7,7.0,20170517
WTM,e8,9.0,20170517
WTM,t8,360.0,20170517
WTM,b4,803.34,20170517
WTM,p5,2.81,20170517
WTM,p6,1.07,20170517
WTM,r,9.47,20170517
WTM,r5,-15.86,20170517
WTM,r6,122.96,20170517
WTM,r7,95.64,20170517
WTM,m6,-1.25,20170517
WTM,m8,-0.78,20170517
WTM,d,1.0,20170517
WTM.L,p,140.0,20170517
WTM.L,k,141.5,20170517
WTM.L,j,52.5,20170517
WTM.L,k5,-1.06,20170517
WTM.L,j6,166.67,20170517
WTM.L,e,8.1,20170517
WTM.L,e7,7.5,20170517
WTM.L,b4,0.94,20170517
WTM.L,p5,47.01,20170517
WTM.L,p6,149.09,20170517
WTM.L,r,17.28,20170517
WTM.L,m6,70.81,20170517
WTM.L,m8,59.95,20170517
WTR,y,2.41,20170517
WTR,p,31.62,20170517
WTR,k,35.83,20170517
WTR,j,28.03,20170517
WTR,k5,-11.53,20170517
WTR,j6,13.09,20170517
WTR,e,1.3,20170517
WTR,e7,1.36,20170517
WTR,e8,1.44,20170517
WTR,t8,33.88,20170517
WTR,b4,10.52,20170517
WTR,p5,6.89,20170517
WTR,p6,3.01,20170517
WTR,r,24.29,20170517
WTR,r5,4.45,20170517
WTR,r6,23.31,20170517
WTR,r7,22.01,20170517
WTR,m6,2.71,20170517
WTR,m8,-2.33,20170517
WTR,d,0.77,20170517
WTS,y,1.21,20170517
WTS,p,63.3,20170517
WTS,k,71.05,20170517
WTS,j,54.22,20170517
WTS,k5,-11.68,20170517
WTS,j6,15.73,20170517
WTS,e,2.6,20170517
WTS,e7,2.92,20170517
WTS,e8,3.21,20170517
WTS,t8,65.17,20170517
WTS,b4,22.08,20170517
WTS,p5,1.55,20170517
WTS,p6,2.87,20170517
WTS,r,24.13,20170517
WTS,r5,1.88,20170517
WTS,r6,21.49,20170517
WTS,r7,19.55,20170517
WTS,m6,-2.33,20170517
WTS,m8,1.3,20170517
WTS,d,0.76,20170517
WTSHF,y,3.07,20170517
WTSHF,p,14.7658,20170517
WTSHF,k,22.1044,20170517
WTSHF,j,13.2859,20170517
WTSHF,k5,-34.3782,20170517
WTSHF,j6,9.1781,20170517
WTSHF,e,1.494,20170517
WTSHF,b4,0.0,20170517
WTSHF,r5,0.0,20170517
WTSHF,m6,-26.0526,20170517
WTSHF,m8,-20.6975,20170517
WTSHF,d,0.5,20170517
WU,y,3.63,20170517
WU,p,19.15,20170517
WU,k,22.7,20170517
WU,j,18.07,20170517
WU,k5,-16.56,20170517
WU,j6,4.81,20170517
WU,e,0.46,20170517
WU,e7,1.69,20170517
WU,e8,1.78,20170517
WU,t8,18.88,20170517
WU,b4,1.59,20170517
WU,p5,1.66,20170517
WU,p6,12.04,20170517
WU,r,41.08,20170517
WU,r5,1.99,20170517
WU,r6,11.21,20170517
WU,r7,10.64,20170517
WU,m6,-7.29,20170517
WU,m8,-3.93,20170517
WU,d,0.7,20170517
WVFC,y,2.64,20170517
WVFC,p,15.2,20170517
WVFC,k,15.5,20170517
WVFC,j,10.73,20170517
WVFC,k5,-2.26,20170517
WVFC,j6,41.22,20170517
WVFC,e,0.79,20170517
WVFC,e7,,20170517
WVFC,b4,17.72,20170517
WVFC,p5,4.73,20170517
WVFC,p6,0.86,20170517
WVFC,r,19.18,20170517
WVFC,m6,4.5,20170517
WVFC,m8,1.14,20170517
WVFC,d,0.4,20170517
WWASA.OL,p,42.1,20170517
WWASA.OL,k,45.0,20170517
WWASA.OL,j,18.6,20170517
WWASA.OL,k5,-5.56,20170517
WWASA.OL,j6,128.49,20170517
WWASA.OL,e,2.27,20170517
WWASA.OL,e7,0.5,20170517
WWASA.OL,m6,25.97,20170517
WWASA.OL,m8,2.22,20170517
WWD,y,0.76,20170517
WWD,p,67.37,20170517
WWD,k,72.28,20170517
WWD,j,53.18,20170517
WWD,k5,-7.92,20170517
WWD,j6,25.14,20170517
WWD,e,3.13,20170517
WWD,e7,3.12,20170517
WWD,e8,3.58,20170517
WWD,t8,71.83,20170517
WWD,b4,20.48,20170517
WWD,p5,2.02,20170517
WWD,p6,3.29,20170517
WWD,r,21.25,20170517
WWD,r5,1.69,20170517
WWD,r6,21.33,20170517
WWD,r7,18.59,20170517
WWD,m6,-2.36,20170517
WWD,m8,-1.93,20170517
WWD,d,0.5,20170517
WWE,y,2.41,20170517
WWE,p,19.5,20170517
WWE,k,23.14,20170517
WWE,j,16.6,20170517
WWE,k5,-16.94,20170517
WWE,j6,15.78,20170517
WWE,e,0.27,20170517
WWE,e7,0.47,20170517
WWE,e8,0.65,20170517
WWE,t8,23.12,20170517
WWE,b4,3.14,20170517
WWE,p5,2.0,20170517
WWE,p6,6.21,20170517
WWE,r,71.19,20170517
WWE,r5,1.91,20170517
WWE,r6,40.89,20170517
WWE,r7,29.57,20170517
WWE,m6,-3.89,20170517
WWE,m8,-9.46,20170517
WWE,d,0.48,20170517
WWH.L,p,2374.0,20170517
WWH.L,k,2468.73,20170517
WWH.L,j,17.36,20170517
WWH.L,k5,-5.05,20170517
WWH.L,j6,13402.3,20170517
WWH.L,e,448.9,20170517
WWH.L,e7,,20170517
WWH.L,m6,10354.02,20170517
WWH.L,m8,10029.65,20170517
WWI.OL,p,247.5,20170517
WWI.OL,k,250.0,20170517
WWI.OL,j,135.0,20170517
WWI.OL,k5,-1.6,20170517
WWI.OL,j6,82.22,20170517
WWI.OL,e,4.33,20170517
WWI.OL,e7,3.67,20170517
WWI.OL,b4,42.88,20170517
WWI.OL,p5,8.75,20170517
WWI.OL,p6,5.77,20170517
WWI.OL,r,56.79,20170517
WWI.OL,r6,67.03,20170517
WWI.OL,r7,44.89,20170517
WWI.OL,m6,16.86,20170517
WWI.OL,m8,3.81,20170517
WWIB.OL,p,236.0,20170517
WWIB.OL,k,244.0,20170517
WWIB.OL,j,135.0,20170517
WWIB.OL,k5,-3.28,20170517
WWIB.OL,j6,74.81,20170517
WWIB.OL,e,4.33,20170517
WWIB.OL,b4,42.88,20170517
WWIB.OL,p5,8.35,20170517
WWIB.OL,p6,5.5,20170517
WWIB.OL,r,54.48,20170517
WWIB.OL,m6,16.23,20170517
WWIB.OL,m8,2.81,20170517
WWNTF,y,2.77,20170517
WWNTF,p,0.69,20170517
WWNTF,k,0.71,20170517
WWNTF,j,0.58,20170517
WWNTF,k5,-2.82,20170517
WWNTF,j6,18.97,20170517
WWNTF,e,0.04,20170517
WWNTF,b4,0.14,20170517
WWNTF,p5,3.02,20170517
WWNTF,p6,4.86,20170517
WWNTF,r,17.25,20170517
WWNTF,m6,5.5,20170517
WWNTF,m8,1.94,20170517
WWNTF,d,0.02,20170517
WWW,y,0.96,20170517
WWW,p,24.64,20170517
WWW,k,26.85,20170517
WWW,j,16.64,20170517
WWW,k5,-5.47,20170517
WWW,j6,52.52,20170517
WWW,e,0.88,20170517
WWW,e7,1.55,20170517
WWW,e8,1.81,20170517
WWW,t8,26.83,20170517
WWW,b4,10.37,20170517
WWW,p5,0.94,20170517
WWW,p6,2.38,20170517
WWW,r,28.81,20170517
WWW,r5,1.59,20170517
WWW,r6,16.37,20170517
WWW,r7,14.02,20170517
WWW,m6,6.88,20170517
WWW,m8,3.85,20170517
WWW,d,0.24,20170517
WY,y,3.77,20170517
WY,p,33.12,20170517
WY,k,35.5,20170517
WY,j,26.55,20170517
WY,k5,-7.3,20170517
WY,j6,23.95,20170517
WY,e,1.46,20170517
WY,e7,1.0,20170517
WY,e8,1.28,20170517
WY,t8,36.86,20170517
WY,b4,12.26,20170517
WY,p5,3.73,20170517
WY,p6,2.7,20170517
WY,r,22.56,20170517
WY,r5,6.62,20170517
WY,r6,32.91,20170517
WY,r7,25.71,20170517
WY,m6,1.97,20170517
WY,m8,-3.09,20170517
WY,d,1.24,20170517
WYGPF,p,8.46,20170517
WYGPF,k,8.46,20170517
WYGPF,j,4.3,20170517
WYGPF,k5,0.0,20170517
WYGPF,j6,96.74,20170517
WYGPF,e,-0.01,20170517
WYGPF,b4,5.66,20170517
WYGPF,p5,0.44,20170517
WYGPF,p6,1.49,20170517
WYGPF,m6,14.05,20170517
WYGPF,m8,1.47,20170517
WYGPY,y,0.0,20170517
WYGPY,p,8.21,20170517
WYGPY,k,8.94,20170517
WYGPY,j,4.06,20170517
WYGPY,k5,-6.756,20170517
WYGPY,j6,105.32,20170517
WYGPY,e,-0.006,20170517
WYGPY,b4,5.659,20170517
WYGPY,p5,0.432,20170517
WYGPY,p6,1.451,20170517
WYGPY,r5,0.0,20170517
WYGPY,m6,11.772,20170517
WYGPY,m8,0.206,20170517
WYGPY,d,0.0,20170517
WYN,y,2.44,20170517
WYN,p,95.94,20170517
WYN,k,102.44,20170517
WYN,j,62.6,20170517
WYN,k5,-7.43,20170517
WYN,j6,51.49,20170517
WYN,e,6.05,20170517
WYN,e7,6.17,20170517
WYN,e8,6.97,20170517
WYN,t8,101.5,20170517
WYN,b4,6.35,20170517
WYN,p5,1.93,20170517
WYN,p6,15.11,20170517
WYN,r,15.68,20170517
WYN,r5,1.2,20170517
WYN,r6,15.37,20170517
WYN,r7,13.61,20170517
WYN,m6,16.96,20170517
WYN,m8,4.42,20170517
WYN,d,2.32,20170517
WYNMF,y,0.23,20170517
WYNMF,p,2.15,20170517
WYNMF,k,2.27,20170517
WYNMF,j,1.36,20170517
WYNMF,k5,-5.29,20170517
WYNMF,j6,58.09,20170517
WYNMF,e,0.04,20170517
WYNMF,b4,0.06,20170517
WYNMF,p5,3.38,20170517
WYNMF,p6,35.25,20170517
WYNMF,r,59.72,20170517
WYNMF,m6,17.92,20170517
WYNMF,m8,-0.17,20170517
WYNMY,p,21.76,20170517
WYNMY,k,22.91,20170517
WYNMY,j,13.63,20170517
WYNMY,k5,-7.51,20170517
WYNMY,j6,55.47,20170517
WYNMY,e,0.36,20170517
WYNMY,b4,0.61,20170517
WYNMY,p5,3.42,20170517
WYNMY,p6,35.67,20170517
WYNMY,r,58.86,20170517
WYNMY,m6,16.11,20170517
WYNMY,m8,-1.44,20170517
WYNN,y,1.6,20170517
WYNN,p,127.91,20170517
WYNN,k,129.03,20170517
WYNN,j,82.51,20170517
WYNN,k5,-4.65,20170517
WYNN,j6,49.11,20170517
WYNN,e,2.63,20170517
WYNN,e7,4.74,20170517
WYNN,e8,5.79,20170517
WYNN,t8,132.65,20170517
WYNN,b4,2.16,20170517
WYNN,p5,2.63,20170517
WYNN,p6,59.16,20170517
WYNN,r,46.76,20170517
WYNN,r5,3.32,20170517
WYNN,r6,25.96,20170517
WYNN,r7,21.25,20170517
WYNN,m6,20.53,20170517
WYNN,m8,2.99,20170517
WYNN,d,2.0,20170517
X,y,1.0,20170517
X,p,20.2,20170517
X,k,41.83,20170517
X,j,12.77,20170517
X,k5,-53.8386,20170517
X,j6,51.2083,20170517
X,e,-1.712,20170517
X,e7,1.11,20170517
X,e8,1.92,20170517
X,t8,28.25,20170517
X,b4,12.443,20170517
X,p5,0.3314,20170517
X,p6,1.6234,20170517
X,r5,2.26,20170517
X,r6,17.3958,20170517
X,r7,10.0569,20170517
X,m6,-39.6071,20170517
X,m8,-29.5656,20170517
X,d,0.2,20170517
X.TO,y,2.72,20170517
X.TO,p,72.29,20170517
X.TO,k,79.9,20170517
X.TO,j,50.2,20170517
X.TO,k5,-11.53,20170517
X.TO,j6,40.82,20170517
X.TO,e,3.58,20170517
X.TO,e7,4.68,20170517
X.TO,b4,53.74,20170517
X.TO,p5,4.91,20170517
X.TO,p6,1.35,20170517
X.TO,r,19.75,20170517
X.TO,r5,1.57,20170517
X.TO,r6,15.1,20170517
X.TO,r7,14.05,20170517
X.TO,m6,0.73,20170517
X.TO,m8,-4.16,20170517
X.TO,d,2.0,20170517
XAR.L,p,375.25,20170517
XAR.L,k,525.5,20170517
XAR.L,j,325.0,20170517
XAR.L,k5,-28.45,20170517
XAR.L,j6,15.69,20170517
XAR.L,e,18.9,20170517
XAR.L,e7,19.22,20170517
XAR.L,b4,1.84,20170517
XAR.L,p5,297.95,20170517
XAR.L,p6,204.05,20170517
XAR.L,r,19.89,20170517
XAR.L,m6,-2.79,20170517
XAR.L,m8,1.87,20170517
XCH.L,p,185.0,20170517
XCH.L,k,205.0,20170517
XCH.L,j,86.5,20170517
XCH.L,k5,-9.9606,20170517
XCH.L,j6,113.3882,20170517
XCH.L,e,-0.276,20170517
XCH.L,e7,11.3,20170517
XCH.L,b4,0.0,20170517
XCH.L,r5,0.0,20170517
XCH.L,m6,-2.2166,20170517
XCH.L,m8,-2.9023,20170517
XCNGF,p,2.85,20170517
XCNGF,k,2.85,20170517
XCNGF,j,2.85,20170517
XCNGF,k5,0.0,20170517
XCNGF,j6,0.0,20170517
XCNGF,e,0.35,20170517
XCNGF,e7,11.3,20170517
XCNGF,e8,13.1,20170517
XCNGF,m6,0.0,20170517
XCNGF,m8,0.0,20170517
XEC,y,0.27,20170517
XEC,p,117.16,20170517
XEC,k,146.96,20170517
XEC,j,108.97,20170517
XEC,k5,-20.82,20170517
XEC,j6,6.79,20170517
XEC,e,-0.76,20170517
XEC,e7,4.43,20170517
XEC,e8,6.07,20170517
XEC,t8,152.47,20170517
XEC,b4,23.25,20170517
XEC,p5,7.61,20170517
XEC,p6,5.04,20170517
XEC,r5,17.63,20170517
XEC,r6,26.27,20170517
XEC,r7,19.17,20170517
XEC,m6,-9.1,20170517
XEC,m8,-1.96,20170517
XEC,d,0.32,20170517
XEL,y,3.16,20170517
XEL,p,45.57,20170517
XEL,k,45.93,20170517
XEL,j,38.0,20170517
XEL,k5,-0.39,20170517
XEL,j6,20.39,20170517
XEL,e,2.2,20170517
XEL,e7,2.2,20170517
XEL,e8,2.46,20170517
XEL,t8,61.12,20170517
XEL,b4,21.8,20170517
XEL,p5,2.05,20170517
XEL,p6,2.09,20170517
XEL,r,20.76,20170517
XEL,r5,3.69,20170517
XEL,r6,19.72,20170517
XEL,r7,18.6,20170517
XEL,m6,8.46,20170517
XEL,m8,1.96,20170517
XEL,d,1.44,20170517
XHR,y,6.16,20170517
XHR,p,17.67,20170517
XHR,k,19.87,20170517
XHR,j,14.83,20170517
XHR,k5,-11.68,20170517
XHR,j6,18.34,20170517
XHR,e,0.95,20170517
XHR,e7,0.44,20170517
XHR,e8,0.4,20170517
XHR,t8,18.13,20170517
XHR,b4,15.06,20170517
XHR,p5,2.02,20170517
XHR,p6,1.17,20170517
XHR,r,18.51,20170517
XHR,r6,39.89,20170517
XHR,r7,43.87,20170517
XHR,m6,-1.35,20170517
XHR,m8,0.88,20170517
XHR,d,1.1,20170517
XIN,y,9.09,20170517
XIN,p,4.5,20170517
XIN,k,7.06,20170517
XIN,j,4.26,20170517
XIN,k5,-37.82,20170517
XIN,j6,3.05,20170517
XIN,e,1.06,20170517
XIN,e7,1.92,20170517
XIN,e8,1.45,20170517
XIN,t8,5.0,20170517
XIN,b4,13.7,20170517
XIN,p5,0.2,20170517
XIN,p6,0.33,20170517
XIN,r,4.14,20170517
XIN,m6,-11.92,20170517
XIN,m8,-2.52,20170517
XIN,d,0.4,20170517
XKE,p,7.91,20170517
XKE,k,9.16,20170517
XKE,j,6.51,20170517
XKE,k5,-13.65,20170517
XKE,j6,21.51,20170517
XKE,m6,-4.34,20170517
XKE,m8,-0.66,20170517
XL,y,2.1,20170517
XL,p,42.01,20170517
XL,k,43.52,20170517
XL,j,30.33,20170517
XL,k5,-4.0,20170517
XL,j6,37.75,20170517
XL,e,2.08,20170517
XL,e7,3.23,20170517
XL,e8,4.05,20170517
XL,t8,44.14,20170517
XL,b4,41.61,20170517
XL,p5,1.01,20170517
XL,p6,1.01,20170517
XL,r,20.09,20170517
XL,r5,0.37,20170517
XL,r6,12.93,20170517
XL,r7,10.32,20170517
XL,m6,7.45,20170517
XL,m8,1.82,20170517
XL,d,0.88,20170517
XLGLF,p,887.5,20170517
XLGLF,k,887.5,20170517
XLGLF,j,815.94,20170517
XLGLF,k5,0.0,20170517
XLGLF,j6,8.77,20170517
XLGLF,m6,6.31,20170517
XLGLF,m8,2.12,20170517
XLM.L,p,127.5,20170517
XLM.L,k,132.13,20170517
XLM.L,j,61.18,20170517
XLM.L,k5,-3.13,20170517
XLM.L,j6,109.21,20170517
XLM.L,e,12.0,20170517
XLM.L,e7,0.11,20170517
XLM.L,b4,0.51,20170517
XLM.L,p5,243.29,20170517
XLM.L,p6,247.57,20170517
XLM.L,r,10.67,20170517
XLM.L,m6,21.67,20170517
XLM.L,m8,13.45,20170517
XLNX,y,2.18,20170517
XLNX,p,65.46,20170517
XLNX,k,65.5,20170517
XLNX,j,43.24,20170517
XLNX,k5,-0.72,20170517
XLNX,j6,50.39,20170517
XLNX,e,2.32,20170517
XLNX,e7,2.48,20170517
XLNX,e8,2.75,20170517
XLNX,t8,62.05,20170517
XLNX,b4,10.07,20170517
XLNX,p5,6.94,20170517
XLNX,p6,6.5,20170517
XLNX,r,28.03,20170517
XLNX,r5,3.09,20170517
XLNX,r6,26.22,20170517
XLNX,r7,23.65,20170517
XLNX,m6,12.29,20170517
XLNX,m8,8.4,20170517
XLNX,d,1.4,20170517
XNGIF,y,3.0,20170517
XNGIF,p,0.43,20170517
XNGIF,k,0.43,20170517
XNGIF,j,0.43,20170517
XNGIF,k5,0.0,20170517
XNGIF,j6,0.0,20170517
XNGIF,e,0.03,20170517
XNGIF,b4,0.52,20170517
XNGIF,p5,0.8,20170517
XNGIF,p6,0.83,20170517
XNGIF,r,15.93,20170517
XNGIF,m6,0.0,20170517
XNGIF,m8,0.0,20170517
XNGIF,d,0.01,20170517
XNGSF,p,4.6,20170517
XNGSF,k,5.6,20170517
XNGSF,j,3.95,20170517
XNGSF,k5,-17.86,20170517
XNGSF,j6,16.46,20170517
XNGSF,e,0.26,20170517
XNGSF,b4,2.01,20170517
XNGSF,p5,1.01,20170517
XNGSF,p6,2.29,20170517
XNGSF,r,17.49,20170517
XNGSF,m6,-5.46,20170517
XNGSF,m8,-16.08,20170517
XNGSY,y,1.83,20170517
XNGSY,p,19.955,20170517
XNGSY,k,23.77,20170517
XNGSY,j,15.69,20170517
XNGSY,k5,-14.649,20170517
XNGSY,j6,29.305,20170517
XNGSY,e,1.052,20170517
XNGSY,b4,8.028,20170517
XNGSY,p5,1.091,20170517
XNGSY,p6,2.486,20170517
XNGSY,r,19.285,20170517
XNGSY,r5,0.0,20170517
XNGSY,m6,2.687,20170517
XNGSY,m8,-8.253,20170517
XNGSY,d,0.39,20170517
XOM,y,3.73,20170517
XOM,p,82.55,20170517
XOM,k,95.55,20170517
XOM,j,80.3,20170517
XOM,k5,-13.8207,20170517
XOM,j6,2.5458,20170517
XOM,e,2.397,20170517
XOM,e7,4.0,20170517
XOM,e8,4.67,20170517
XOM,t8,86.98,20170517
XOM,b4,41.808,20170517
XOM,p5,1.6579,20170517
XOM,p6,1.9745,20170517
XOM,r,34.3531,20170517
XOM,r5,0.59,20170517
XOM,r6,20.5861,20170517
XOM,r7,17.6326,20170517
XOM,m6,-2.5427,20170517
XOM,m8,0.315,20170517
XOM,d,3.08,20170517
XPP.L,p,2650.0,20170517
XPP.L,k,2750.0,20170517
XPP.L,j,1475.0,20170517
XPP.L,k5,-3.96,20170517
XPP.L,j6,79.05,20170517
XPP.L,e,111.2,20170517
XPP.L,e7,123.3,20170517
XPP.L,b4,5.57,20170517
XPP.L,p5,388.88,20170517
XPP.L,p6,475.76,20170517
XPP.L,r,23.75,20170517
XPP.L,r5,0.8,20170517
XPP.L,r6,21.42,20170517
XPP.L,r7,20.27,20170517
XPP.L,m6,32.8,20170517
XPP.L,m8,7.6,20170517
XPPLF,p,30.05,20170517
XPPLF,k,30.05,20170517
XPPLF,j,20.74,20170517
XPPLF,k5,0.0,20170517
XPPLF,j6,44.89,20170517
XPPLF,e,1.43,20170517
XPPLF,b4,7.16,20170517
XPPLF,p5,3.43,20170517
XPPLF,p6,4.2,20170517
XPPLF,r,21.04,20170517
XPPLF,m6,27.4,20170517
XPPLF,m8,3.94,20170517
XRAY,y,0.57,20170517
XRAY,p,62.16,20170517
XRAY,k,65.83,20170517
XRAY,j,55.0,20170517
XRAY,k5,-6.479,20170517
XRAY,j6,11.936,20170517
XRAY,e,1.554,20170517
XRAY,e7,2.84,20170517
XRAY,e8,3.19,20170517
XRAY,t8,67.42,20170517
XRAY,b4,35.429,20170517
XRAY,p5,3.693,20170517
XRAY,p6,1.754,20170517
XRAY,r,39.617,20170517
XRAY,r5,2.67,20170517
XRAY,r6,21.678,20170517
XRAY,r7,19.299,20170517
XRAY,m6,1.63,20170517
XRAY,m8,-2.108,20170517
XRAY,d,0.35,20170517
XRDC,p,2.22,20170517
XRDC,k,2.57,20170517
XRDC,j,1.47,20170517
XRDC,k5,-14.01,20170517
XRDC,j6,50.34,20170517
XRDC,e,-2.12,20170517
XRDC,t8,7.0,20170517
XRDC,b4,2.96,20170517
XRDC,p5,121.09,20170517
XRDC,p6,0.75,20170517
XRDC,m6,3.75,20170517
XRDC,m8,-0.63,20170517
XRX,y,3.55,20170517
XRX,p,7.14,20170517
XRX,k,7.69,20170517
XRX,j,6.215,20170517
XRX,k5,-10.208,20170517
XRX,j6,11.104,20170517
XRX,e,-0.51,20170517
XRX,e7,0.83,20170517
XRX,e8,0.87,20170517
XRX,t8,8.38,20170517
XRX,b4,4.846,20170517
XRX,p5,0.684,20170517
XRX,p6,1.473,20170517
XRX,r5,-77.55,20170517
XRX,r6,8.319,20170517
XRX,r7,7.937,20170517
XRX,m6,0.951,20170517
XRX,m8,-2.739,20170517
XRX,d,0.25,20170517
XSR.TO,y,7.59,20170517
XSR.TO,p,4.55,20170517
XSR.TO,k,5.93,20170517
XSR.TO,j,4.49,20170517
XSR.TO,k5,-23.38,20170517
XSR.TO,j6,1.11,20170517
XSR.TO,e,0.25,20170517
XSR.TO,e7,0.26,20170517
XSR.TO,b4,-0.99,20170517
XSR.TO,p5,1.68,20170517
XSR.TO,r,18.38,20170517
XSR.TO,r5,0.75,20170517
XSR.TO,r6,17.46,20170517
XSR.TO,r7,16.21,20170517
XSR.TO,m6,-13.74,20170517
XSR.TO,m8,-17.06,20170517
XSR.TO,d,0.42,20170517
XTC.TO,y,2.74,20170517
XTC.TO,p,11.54,20170517
XTC.TO,k,13.27,20170517
XTC.TO,j,9.89,20170517
XTC.TO,k5,-14.24,20170517
XTC.TO,j6,15.07,20170517
XTC.TO,e,1.18,20170517
XTC.TO,e7,1.21,20170517
XTC.TO,b4,7.06,20170517
XTC.TO,p5,0.78,20170517
XTC.TO,p6,1.63,20170517
XTC.TO,r,9.64,20170517
XTC.TO,r6,9.4,20170517
XTC.TO,r7,8.13,20170517
XTC.TO,m6,2.31,20170517
XTC.TO,m8,-0.01,20170517
XTC.TO,d,0.24,20170517
XTD.TO,y,9.88,20170517
XTD.TO,p,6.11,20170517
XTD.TO,k,6.41,20170517
XTD.TO,j,4.89,20170517
XTD.TO,k5,-5.46,20170517
XTD.TO,j6,23.93,20170517
XTD.TO,e,1.99,20170517
XTD.TO,b4,5.27,20170517
XTD.TO,p5,2.28,20170517
XTD.TO,p6,1.16,20170517
XTD.TO,r,3.05,20170517
XTD.TO,m6,3.46,20170517
XTD.TO,m8,-1.13,20170517
XTD.TO,d,0.6,20170517
XXL.OL,p,93.5,20170517
XXL.OL,k,113.0,20170517
XXL.OL,j,88.5,20170517
XXL.OL,k5,-17.7,20170517
XXL.OL,j6,5.08,20170517
XXL.OL,e,3.3,20170517
XXL.OL,e7,4.28,20170517
XXL.OL,b4,26.02,20170517
XXL.OL,p5,1.65,20170517
XXL.OL,p6,3.59,20170517
XXL.OL,r,28.16,20170517
XXL.OL,r5,1.32,20170517
XXL.OL,r6,21.73,20170517
XXL.OL,r7,16.4,20170517
XXL.OL,m6,-4.17,20170517
XXL.OL,m8,-2.18,20170517
XYIGF,y,4.76,20170517
XYIGF,p,0.868,20170517
XYIGF,k,1.0,20170517
XYIGF,j,0.815,20170517
XYIGF,k5,-13.2,20170517
XYIGF,j6,6.503,20170517
XYIGF,e,0.104,20170517
XYIGF,b4,0.435,20170517
XYIGF,p5,2.046,20170517
XYIGF,p6,1.995,20170517
XYIGF,r,8.346,20170517
XYIGF,r5,0.0,20170517
XYIGF,m6,-0.452,20170517
XYIGF,m8,0.165,20170517
XYIGF,d,0.04,20170517
XYIGY,y,4.88,20170517
XYIGY,p,17.95,20170517
XYIGY,k,19.1,20170517
XYIGY,j,13.15,20170517
XYIGY,k5,-8.64,20170517
XYIGY,j6,32.7,20170517
XYIGY,e,2.08,20170517
XYIGY,b4,8.7,20170517
XYIGY,p5,2.12,20170517
XYIGY,p6,2.06,20170517
XYIGY,r,8.39,20170517
XYIGY,m6,0.2,20170517
XYIGY,m8,-2.45,20170517
XYIGY,d,0.88,20170517
XYL,y,1.41,20170517
XYL,p,51.77,20170517
XYL,k,54.99,20170517
XYL,j,42.52,20170517
XYL,k5,-5.98,20170517
XYL,j6,21.59,20170517
XYL,e,1.39,20170517
XYL,e7,2.31,20170517
XYL,e8,2.64,20170517
XYL,t8,56.0,20170517
XYL,b4,12.53,20170517
XYL,p5,2.33,20170517
XYL,p6,4.13,20170517
XYL,r,37.19,20170517
XYL,r5,1.56,20170517
XYL,r6,22.38,20170517
XYL,r7,19.58,20170517
XYL,m6,3.48,20170517
XYL,m8,2.01,20170517
XYL,d,0.72,20170517
YAHOF,y,4.35,20170517
YAHOF,p,4.14,20170517
YAHOF,k,4.99,20170517
YAHOF,j,3.76,20170517
YAHOF,k5,-17.03,20170517
YAHOF,j6,10.14,20170517
YAHOF,e,0.22,20170517
YAHOF,b4,1.47,20170517
YAHOF,p5,3.07,20170517
YAHOF,p6,2.82,20170517
YAHOF,r,19.17,20170517
YAHOF,m6,-1.91,20170517
YAHOF,m8,-9.21,20170517
YAHOF,d,0.16,20170517
YAMCF,y,1.51,20170517
YAMCF,p,28.35,20170517
YAMCF,k,32.88,20170517
YAMCF,j,25.26,20170517
YAMCF,k5,-13.78,20170517
YAMCF,j6,12.23,20170517
YAMCF,e,2.24,20170517
YAMCF,b4,17.52,20170517
YAMCF,p5,1.45,20170517
YAMCF,p6,1.62,20170517
YAMCF,r,12.65,20170517
YAMCF,m6,-6.4,20170517
YAMCF,m8,6.44,20170517
YAMCF,d,0.5,20170517
YAMHF,y,2.51,20170517
YAMHF,p,24.8,20170517
YAMHF,k,24.8,20170517
YAMHF,j,13.95,20170517
YAMHF,k5,0.0,20170517
YAMHF,j6,77.78,20170517
YAMHF,e,1.63,20170517
YAMHF,b4,13.76,20170517
YAMHF,p5,0.64,20170517
YAMHF,p6,1.8,20170517
YAMHF,r,15.25,20170517
YAMHF,m6,9.33,20170517
YAMHF,m8,5.65,20170517
YAMHF,d,0.59,20170517
YAR.OL,p,314.0,20170517
YAR.OL,k,362.0,20170517
YAR.OL,j,256.1,20170517
YAR.OL,k5,-10.77,20170517
YAR.OL,j6,26.12,20170517
YAR.OL,e,19.22,20170517
YAR.OL,e7,21.6,20170517
YAR.OL,b4,279.47,20170517
YAR.OL,p5,0.92,20170517
YAR.OL,p6,1.12,20170517
YAR.OL,r,16.81,20170517
YAR.OL,r5,0.88,20170517
YAR.OL,r6,14.95,20170517
YAR.OL,r7,12.24,20170517
YAR.OL,m6,-1.66,20170517
YAR.OL,m8,-2.01,20170517
YARIY,p,38.07,20170517
YARIY,k,43.35,20170517
YARIY,j,29.95,20170517
YARIY,k5,-12.2,20170517
YARIY,j6,27.08,20170517
YARIY,e,2.24,20170517
YARIY,b4,32.55,20170517
YARIY,p5,0.96,20170517
YARIY,p6,1.17,20170517
YARIY,r,17.01,20170517
YARIY,m6,-1.61,20170517
YARIY,m8,-0.71,20170517
YASKF,p,18.9,20170517
YASKF,k,19.55,20170517
YASKF,j,11.2,20170517
YASKF,k5,-3.32,20170517
YASKF,j6,68.75,20170517
YASKF,e,0.69,20170517
YASKF,b4,6.7,20170517
YASKF,p5,1.42,20170517
YASKF,p6,2.82,20170517
YASKF,r,27.43,20170517
YASKF,m6,14.35,20170517
YASKF,m8,1.86,20170517
YCB,k,39.48,20170517
YCB,j,27.44,20170517
YCB,e,2.71,20170517
YCB,e7,2.85,20170517
YCB,e8,2.98,20170517
YCB,t8,38.25,20170517
YDIV,p,17.68,20170517
YDIV,k,17.74,20170517
YDIV,j,15.49,20170517
YDIV,k5,-1.376,20170517
YDIV,j6,12.9496,20170517
YDIV,b4,0.0,20170517
YDIV,r5,0.0,20170517
YDIV,m6,4.6831,20170517
YDIV,m8,0.3833,20170517
YDKN,y,1.16,20170517
YDKN,p,34.48,20170517
YDKN,k,35.24,20170517
YDKN,j,22.26,20170517
YDKN,k5,-2.16,20170517
YDKN,j6,54.9,20170517
YDKN,e,1.14,20170517
YDKN,e7,1.9,20170517
YDKN,e8,2.05,20170517
YDKN,t8,29.07,20170517
YDKN,m6,13.38,20170517
YDKN,m8,4.69,20170517
YDKN,d,0.4,20170517
YGRO,p,11.022,20170517
YGRO,k,11.57,20170517
YGRO,j,7.26,20170517
YGRO,k5,-4.736,20170517
YGRO,j6,51.818,20170517
YGRO,b4,0.0,20170517
YGRO,r5,0.0,20170517
YGRO,m6,2.669,20170517
YGRO,m8,1.687,20170517
YIN,y,6.24,20170517
YIN,p,12.27,20170517
YIN,k,22.97,20170517
YIN,j,10.92,20170517
YIN,k5,-47.06,20170517
YIN,j6,11.36,20170517
YIN,e,2.18,20170517
YIN,e7,2.63,20170517
YIN,e8,3.23,20170517
YIN,t8,26.54,20170517
YIN,b4,6.99,20170517
YIN,p5,2.27,20170517
YIN,p6,1.76,20170517
YIN,r,5.59,20170517
YIN,r6,4.62,20170517
YIN,r7,3.76,20170517
YIN,m6,-30.88,20170517
YIN,m8,-29.24,20170517
YIN,d,0.8,20170517
YINGY,y,5.19,20170517
YINGY,p,7.954,20170517
YINGY,k,8.01,20170517
YINGY,j,3.28,20170517
YINGY,k5,-0.699,20170517
YINGY,j6,142.5,20170517
YINGY,e,-0.12,20170517
YINGY,b4,4.67,20170517
YINGY,p5,1.233,20170517
YINGY,p6,1.703,20170517
YINGY,r5,0.0,20170517
YINGY,m6,33.486,20170517
YINGY,m8,0.05,20170517
YINGY,d,0.41,20170517
YIPCF,y,2.92,20170517
YIPCF,p,0.46,20170517
YIPCF,k,0.46,20170517
YIPCF,j,0.31,20170517
YIPCF,k5,0.0,20170517
YIPCF,j6,48.39,20170517
YIPCF,e,0.04,20170517
YIPCF,b4,0.58,20170517
YIPCF,p5,0.24,20170517
YIPCF,p6,0.8,20170517
YIPCF,r,11.79,20170517
YIPCF,m6,10.14,20170517
YIPCF,m8,4.48,20170517
YIPCF,d,0.01,20170517
YITYF,y,3.26,20170517
YITYF,p,7.7,20170517
YITYF,k,8.33,20170517
YITYF,j,5.61,20170517
YITYF,k5,-7.56,20170517
YITYF,j6,37.25,20170517
YITYF,e,-0.02,20170517
YITYF,e7,0.5,20170517
YITYF,e8,0.69,20170517
YITYF,b4,4.95,20170517
YITYF,p5,0.5,20170517
YITYF,p6,1.56,20170517
YITYF,m6,-0.17,20170517
YITYF,m8,0.0,20170517
YITYF,d,0.25,20170517
YITYY,p,6.04,20170517
YITYY,k,6.04,20170517
YITYY,j,6.04,20170517
YITYY,k5,0.0,20170517
YITYY,j6,0.0,20170517
YITYY,e,-0.01,20170517
YITYY,e7,0.46,20170517
YITYY,e8,0.65,20170517
YITYY,b4,2.47,20170517
YITYY,p5,0.78,20170517
YITYY,p6,2.44,20170517
YITYY,r5,0.23,20170517
YITYY,r6,13.13,20170517
YITYY,r7,9.29,20170517
YITYY,m6,104.05,20170517
YITYY,m8,104.05,20170517
YKBD.IL,p,2.91,20170517
YKBD.IL,k,291.0,20170517
YKBD.IL,j,291.0,20170517
YKBD.IL,k5,-99.0,20170517
YKBD.IL,j6,-99.0,20170517
YKBD.IL,m6,-99.0,20170517
YKBD.L,p,2.91,20170517
YKBD.L,k,291.0,20170517
YKBD.L,j,291.0,20170517
YKBD.L,k5,-99.0,20170517
YKBD.L,j6,-99.0,20170517
YKBD.L,m6,-99.0,20170517
YKBD.L,m8,-99.0,20170517
YLCO,p,11.72,20170517
YLCO,k,11.94,20170517
YLCO,j,10.09,20170517
YLCO,k5,-2.4506,20170517
YLCO,j6,15.4351,20170517
YLCO,b4,0.0,20170517
YLCO,r5,0.0,20170517
YLCO,m6,4.6807,20170517
YLCO,m8,0.2436,20170517
YLDGY,y,0.83,20170517
YLDGY,p,26.12,20170517
YLDGY,k,27.18,20170517
YLDGY,j,19.0,20170517
YLDGY,k5,-1.8,20170517
YLDGY,j6,40.47,20170517
YLDGY,e,4.02,20170517
YLDGY,b4,31.46,20170517
YLDGY,p5,0.68,20170517
YLDGY,p6,0.83,20170517
YLDGY,r,6.64,20170517
YLDGY,m6,17.84,20170517
YLDGY,m8,1.83,20170517
YLDGY,d,0.22,20170517
YMAIF,y,0.44,20170517
YMAIF,p,0.44,20170517
YMAIF,k,0.49,20170517
YMAIF,j,0.38,20170517
YMAIF,k5,-11.08,20170517
YMAIF,j6,17.33,20170517
YMAIF,e,0.01,20170517
YMAIF,b4,0.27,20170517
YMAIF,p5,9.21,20170517
YMAIF,p6,1.61,20170517
YMAIF,r,55.0,20170517
YMAIF,m6,1.7,20170517
YMAIF,m8,-1.69,20170517
YMDAF,y,2.78,20170517
YMDAF,p,5.06,20170517
YMDAF,k,5.54,20170517
YMDAF,j,4.73,20170517
YMDAF,k5,-8.66,20170517
YMDAF,j6,6.98,20170517
YMDAF,e,0.37,20170517
YMDAF,e7,0.48,20170517
YMDAF,e8,0.5,20170517
YMDAF,b4,6.25,20170517
YMDAF,p5,0.29,20170517
YMDAF,p6,0.81,20170517
YMDAF,r,13.64,20170517
YMDAF,r5,29789.0,20170517
YMDAF,r6,10.54,20170517
YMDAF,r7,10.12,20170517
YMDAF,m6,-2.37,20170517
YMDAF,m8,0.27,20170517
YMDAF,d,0.15,20170517
YNGA.L,p,1332.5,20170517
YNGA.L,k,1375.0,20170517
YNGA.L,j,1165.0,20170517
YNGA.L,k5,-2.55,20170517
YNGA.L,j6,15.02,20170517
YNGA.L,e,61.3,20170517
YNGA.L,e7,63.75,20170517
YNGA.L,b4,9.31,20170517
YNGA.L,p5,254.18,20170517
YNGA.L,p6,143.14,20170517
YNGA.L,r,21.86,20170517
YNGA.L,m6,0.64,20170517
YNGA.L,m8,0.44,20170517
YNGDF,y,10.76,20170517
YNGDF,p,0.39,20170517
YNGDF,k,0.42,20170517
YNGDF,j,0.3,20170517
YNGDF,k5,-7.14,20170517
YNGDF,j6,29.14,20170517
YNGDF,e,-0.01,20170517
YNGDF,b4,0.47,20170517
YNGDF,p5,0.6,20170517
YNGDF,p6,0.84,20170517
YNGDF,m6,0.0,20170517
YNGDF,m8,0.0,20170517
YNGDF,d,0.04,20170517
YNGN.L,p,1092.0,20170517
YNGN.L,k,1100.0,20170517
YNGN.L,j,856.5,20170517
YNGN.L,k5,-1.82,20170517
YNGN.L,j6,26.09,20170517
YNGN.L,e,61.3,20170517
YNGN.L,e7,27.21,20170517
YNGN.L,b4,9.31,20170517
YNGN.L,p5,208.3,20170517
YNGN.L,p6,117.31,20170517
YNGN.L,r,17.62,20170517
YNGN.L,m6,7.03,20170517
YNGN.L,m8,4.16,20170517
YOKEF,p,15.96,20170517
YOKEF,k,16.41,20170517
YOKEF,j,15.96,20170517
YOKEF,k5,-2.74,20170517
YOKEF,j6,0.0,20170517
YOKEF,e,0.78,20170517
YOKEF,b4,8.45,20170517
YOKEF,p5,1.22,20170517
YOKEF,p6,1.89,20170517
YOKEF,r,20.38,20170517
YOKEF,m6,21.94,20170517
YOKEF,m8,-2.67,20170517
YONGY,p,7.15,20170517
YONGY,k,7.15,20170517
YONGY,j,7.15,20170517
YONGY,k5,0.0,20170517
YONGY,j6,0.0,20170517
YONGY,e,-0.7,20170517
YONGY,t8,4.5,20170517
YONGY,m6,-88.78,20170517
YONGY,m8,-91.62,20170517
YORUF,y,2.76,20170517
YORUF,p,20.34,20170517
YORUF,k,20.34,20170517
YORUF,j,12.35,20170517
YORUF,k5,0.0,20170517
YORUF,j6,64.7,20170517
YORUF,e,1.05,20170517
YORUF,b4,19.56,20170517
YORUF,p5,0.61,20170517
YORUF,p6,1.04,20170517
YORUF,r,19.3,20170517
YORUF,m6,11.48,20170517
YORUF,m8,0.0,20170517
YORUF,d,0.51,20170517
YORW,y,1.92,20170517
YORW,p,33.65,20170517
YORW,k,39.85,20170517
YORW,j,26.54,20170517
YORW,k5,-18.19,20170517
YORW,j6,22.83,20170517
YORW,e,0.93,20170517
YORW,e7,0.96,20170517
YORW,e8,0.99,20170517
YORW,t8,27.0,20170517
YORW,b4,8.9,20170517
YORW,p5,9.08,20170517
YORW,p6,3.78,20170517
YORW,r,35.09,20170517
YORW,r5,7.2,20170517
YORW,r6,33.96,20170517
YORW,r7,32.93,20170517
YORW,m6,-8.16,20170517
YORW,m8,-7.75,20170517
YORW,d,0.64,20170517
YOU-UN.TO,k,8.0,20170517
YOU-UN.TO,j,7.0,20170517
YOU-UN.TO,e,0.0,20170517
YOU-UN.TO,b4,0.0,20170517
YOU-UN.TO,r5,0.0,20170517
YOU.L,p,270.0,20170517
YOU.L,k,294.0,20170517
YOU.L,j,161.0,20170517
YOU.L,k5,-8.16,20170517
YOU.L,j6,67.7,20170517
YOU.L,e,3.4,20170517
YOU.L,e7,7.9,20170517
YOU.L,b4,0.74,20170517
YOU.L,p5,289.24,20170517
YOU.L,p6,365.36,20170517
YOU.L,r,79.41,20170517
YOU.L,m6,6.42,20170517
YOU.L,m8,-2.13,20170517
YPF,y,1.27,20170517
YPF,p,24.29,20170517
YPF,k,26.48,20170517
YPF,j,15.0,20170517
YPF,k5,-8.95,20170517
YPF,j6,60.73,20170517
YPF,e,-4.74,20170517
YPF,e7,0.73,20170517
YPF,e8,1.82,20170517
YPF,t8,25.67,20170517
YPF,b4,17.85,20170517
YPF,p5,0.71,20170517
YPF,p6,1.36,20170517
YPF,r5,-14.6,20170517
YPF,r6,33.03,20170517
YPF,r7,13.25,20170517
YPF,m6,16.52,20170517
YPF,m8,-3.58,20170517
YPF,d,0.31,20170517
YRAIF,y,4.96,20170517
YRAIF,p,37.92,20170517
YRAIF,k,42.0,20170517
YRAIF,j,30.2,20170517
YRAIF,k5,-9.71,20170517
YRAIF,j6,25.56,20170517
YRAIF,e,2.24,20170517
YRAIF,b4,32.55,20170517
YRAIF,p5,0.96,20170517
YRAIF,p6,1.17,20170517
YRAIF,r,16.94,20170517
YRAIF,m6,-1.91,20170517
YRAIF,m8,-2.6,20170517
YRAIF,d,1.84,20170517
YRI.TO,y,0.74,20170517
YRI.TO,p,3.74,20170517
YRI.TO,k,7.87,20170517
YRI.TO,j,3.29,20170517
YRI.TO,k5,-51.398,20170517
YRI.TO,j6,16.261,20170517
YRI.TO,e,-0.379,20170517
YRI.TO,e7,0.04,20170517
YRI.TO,b4,4.774,20170517
YRI.TO,p5,1.98,20170517
YRI.TO,p6,0.783,20170517
YRI.TO,r5,2.96,20170517
YRI.TO,r6,95.625,20170517
YRI.TO,r7,25.5,20170517
YRI.TO,m6,-3.732,20170517
YRI.TO,m8,1.76,20170517
YRI.TO,d,0.02,20170517
YSHLF,y,5.75,20170517
YSHLF,p,0.885,20170517
YSHLF,k,0.89,20170517
YSHLF,j,0.505,20170517
YSHLF,k5,-0.562,20170517
YSHLF,j6,75.248,20170517
YSHLF,e,0.075,20170517
YSHLF,b4,0.884,20170517
YSHLF,p5,1.37,20170517
YSHLF,p6,1.001,20170517
YSHLF,r,11.8,20170517
YSHLF,r5,0.0,20170517
YSHLF,m6,35.923,20170517
YSHLF,m8,11.742,20170517
YSHLF,d,0.03,20170517
YTRGF,p,0.29,20170517
YTRGF,k,0.72,20170517
YTRGF,j,0.29,20170517
YTRGF,k5,-59.72,20170517
YTRGF,j6,0.0,20170517
YTRGF,e,0.06,20170517
YTRGF,m6,-40.64,20170517
YTRGF,m8,-40.12,20170517
YU.L,p,450.0,20170517
YU.L,k,480.0,20170517
YU.L,j,215.0,20170517
YU.L,k5,-7.29,20170517
YU.L,j6,106.98,20170517
YU.L,e,-10.3,20170517
YU.L,b4,0.38,20170517
YU.L,p5,388.85,20170517
YU.L,p6,1168.83,20170517
YU.L,m6,35.59,20170517
YU.L,m8,21.98,20170517
YUEIF,y,4.21,20170517
YUEIF,p,4.05,20170517
YUEIF,k,4.37,20170517
YUEIF,j,3.45,20170517
YUEIF,k5,-7.32,20170517
YUEIF,j6,17.39,20170517
YUEIF,e,0.32,20170517
YUEIF,b4,2.88,20170517
YUEIF,p5,0.79,20170517
YUEIF,p6,1.41,20170517
YUEIF,r,12.5,20170517
YUEIF,m6,7.93,20170517
YUEIF,m8,0.79,20170517
YUEIF,d,0.15,20170517
YUEIY,y,4.23,20170517
YUEIY,p,20.6,20170517
YUEIY,k,22.21,20170517
YUEIY,j,17.15,20170517
YUEIY,k5,-9.32,20170517
YUEIY,j6,17.43,20170517
YUEIY,e,1.62,20170517
YUEIY,b4,14.38,20170517
YUEIY,p5,0.8,20170517
YUEIY,p6,1.43,20170517
YUEIY,r,12.43,20170517
YUEIY,m6,8.12,20170517
YUEIY,m8,-0.13,20170517
YUEIY,d,0.9,20170517
YUGVF,p,1.852,20170517
YUGVF,k,1.942,20170517
YUGVF,j,1.7,20170517
YUGVF,k5,-4.634,20170517
YUGVF,j6,8.941,20170517
YUGVF,e,0.059,20170517
YUGVF,b4,0.0,20170517
YUGVF,r5,0.0,20170517
YUGVF,m6,0.0,20170517
YUGVF,m8,0.0,20170517
YUM,y,1.74,20170517
YUM,p,69.35,20170517
YUM,k,69.77,20170517
YUM,j,59.57,20170517
YUM,k5,-0.72,20170517
YUM,j6,16.28,20170517
YUM,e,3.97,20170517
YUM,e7,2.76,20170517
YUM,e8,3.14,20170517
YUM,t8,73.53,20170517
YUM,b4,-16.57,20170517
YUM,p5,3.83,20170517
YUM,r,17.44,20170517
YUM,r5,1.78,20170517
YUM,r6,25.1,20170517
YUM,r7,22.06,20170517
YUM,m6,7.24,20170517
YUM,m8,5.13,20170517
YUM,d,1.2,20170517
YUXXF,p,0.54,20170517
YUXXF,k,0.54,20170517
YUXXF,j,0.5,20170517
YUXXF,k5,0.0,20170517
YUXXF,j6,8.0,20170517
YUXXF,e,0.03,20170517
YUXXF,b4,0.67,20170517
YUXXF,p5,5.92,20170517
YUXXF,p6,0.8,20170517
YUXXF,r,18.62,20170517
YUXXF,m6,1.55,20170517
YUXXF,m8,0.0,20170517
YZC,y,0.19,20170517
YZC,p,8.17,20170517
YZC,k,8.17,20170517
YZC,j,4.91,20170517
YZC,k5,0.0,20170517
YZC,j6,66.4,20170517
YZC,e,0.22,20170517
YZC,e7,0.03,20170517
YZC,e8,0.09,20170517
YZC,t8,5.16,20170517
YZC,m6,6.27,20170517
YZC,m8,0.0,20170517
YZC,d,0.02,20170517
YZCHF,y,0.21,20170517
YZCHF,p,0.8047,20170517
YZCHF,k,0.8334,20170517
YZCHF,j,0.49,20170517
YZCHF,k5,-3.4437,20170517
YZCHF,j6,64.2245,20170517
YZCHF,e,0.105,20170517
YZCHF,b4,1.349,20170517
YZCHF,p5,0.2096,20170517
YZCHF,p6,0.5965,20170517
YZCHF,r,7.6638,20170517
YZCHF,r5,0.0,20170517
YZCHF,m6,4.1009,20170517
YZCHF,m8,0.0,20170517
YZCHF,d,0.0,20170517
ZAG.VI,p,19.42,20170517
ZAG.VI,k,19.88,20170517
ZAG.VI,j,9.45,20170517
ZAG.VI,k5,-7.77,20170517
ZAG.VI,j6,94.01,20170517
ZAG.VI,e7,1.0,20170517
ZAG.VI,m6,7.53,20170517
ZAG.VI,m8,-1.39,20170517
ZAIS,p,2.13,20170517
ZAIS,k,5.18,20170517
ZAIS,j,1.29,20170517
ZAIS,k5,-60.772,20170517
ZAIS,j6,57.519,20170517
ZAIS,e,-0.372,20170517
ZAIS,b4,3.193,20170517
ZAIS,p5,0.972,20170517
ZAIS,p6,0.667,20170517
ZAIS,r5,0.0,20170517
ZAIS,m6,0.539,20170517
ZAIS,m8,-13.046,20170517
ZAL.OL,p,42.5,20170517
ZAL.OL,k,45.0,20170517
ZAL.OL,j,27.9,20170517
ZAL.OL,k5,-5.56,20170517
ZAL.OL,j6,52.33,20170517
ZAL.OL,e,1.36,20170517
ZAL.OL,e7,1.6,20170517
ZAL.OL,b4,5.61,20170517
ZAL.OL,p5,2.02,20170517
ZAL.OL,p6,7.58,20170517
ZAL.OL,r,31.23,20170517
ZAL.OL,r6,26.56,20170517
ZAL.OL,r7,16.6,20170517
ZAL.OL,m6,22.87,20170517
ZAL.OL,m8,8.58,20170517
ZAR.TO,p,0.63,20170517
ZAR.TO,k,1.05,20170517
ZAR.TO,j,0.43,20170517
ZAR.TO,k5,-41.9,20170517
ZAR.TO,j6,41.86,20170517
ZAR.TO,e,-0.59,20170517
ZAR.TO,e7,-0.32,20170517
ZAR.TO,b4,1.12,20170517
ZAR.TO,p5,0.49,20170517
ZAR.TO,p6,0.56,20170517
ZAR.TO,m6,-14.72,20170517
ZAR.TO,m8,-6.28,20170517
ZARFF,y,0.0,20170517
ZARFF,p,0.4456,20170517
ZARFF,k,0.82,20170517
ZARFF,j,0.3229,20170517
ZARFF,k5,-46.8171,20170517
ZARFF,j6,35.0573,20170517
ZARFF,e,-0.435,20170517
ZARFF,b4,0.824,20170517
ZARFF,p5,0.471,20170517
ZARFF,p6,0.5408,20170517
ZARFF,r5,0.0,20170517
ZARFF,m6,-18.6872,20170517
ZARFF,m8,-9.1458,20170517
ZARFF,d,0.0,20170517
ZB-PA,y,4.16,20170517
ZB-PA,p,24.3,20170517
ZB-PA,k,25.99,20170517
ZB-PA,j,22.22,20170517
ZB-PA,k5,-6.04,20170517
ZB-PA,j6,9.9,20170517
ZB-PA,e,2.22,20170517
ZB-PA,b4,34.65,20170517
ZB-PA,p5,2.09,20170517
ZB-PA,p6,0.7,20170517
ZB-PA,r,11.0,20170517
ZB-PA,m6,2.01,20170517
ZB-PA,m8,0.78,20170517
ZB-PA,d,1.01,20170517
ZBH,y,0.79,20170517
ZBH,p,119.78,20170517
ZBH,k,133.21,20170517
ZBH,j,95.63,20170517
ZBH,k5,-11.56,20170517
ZBH,j6,23.19,20170517
ZBH,e,2.44,20170517
ZBH,e7,8.54,20170517
ZBH,e8,9.28,20170517
ZBH,t8,132.05,20170517
ZBH,b4,49.4,20170517
ZBH,p5,3.11,20170517
ZBH,p6,2.42,20170517
ZBH,r,48.22,20170517
ZBH,r5,1.44,20170517
ZBH,r6,13.8,20170517
ZBH,r7,12.7,20170517
ZBH,m6,4.23,20170517
ZBH,m8,-2.18,20170517
ZBH,d,0.96,20170517
ZBK,p,29.52,20170517
ZBK,k,31.99,20170517
ZBK,j,27.2,20170517
ZBK,k5,-6.6411,20170517
ZBK,j6,9.7996,20170517
ZBK,e,2.221,20170517
ZBK,b4,34.65,20170517
ZBK,p5,2.5344,20170517
ZBK,p6,0.8519,20170517
ZBK,r,13.4469,20170517
ZBK,r5,0.0,20170517
ZBK,m6,2.3447,20170517
ZBK,m8,1.7734,20170517
ZBO.L,p,1.175,20170517
ZBO.L,k,3.2,20170517
ZBO.L,j,0.4,20170517
ZBO.L,k5,-63.281,20170517
ZBO.L,j6,193.75,20170517
ZBO.L,e,0.1,20170517
ZBO.L,b4,0.068,20170517
ZBO.L,p5,1.528,20170517
ZBO.L,p6,17.279,20170517
ZBO.L,r,11.75,20170517
ZBO.L,r5,0.0,20170517
ZBO.L,m6,-16.882,20170517
ZBO.L,m8,0.0,20170517
ZCL.TO,y,3.43,20170517
ZCL.TO,p,13.29,20170517
ZCL.TO,k,15.47,20170517
ZCL.TO,j,8.3,20170517
ZCL.TO,k5,-15.19,20170517
ZCL.TO,j6,58.07,20170517
ZCL.TO,e,0.48,20170517
ZCL.TO,e7,0.82,20170517
ZCL.TO,b4,3.61,20170517
ZCL.TO,p5,2.28,20170517
ZCL.TO,p6,3.68,20170517
ZCL.TO,r,27.39,20170517
ZCL.TO,r5,64.68,20170517
ZCL.TO,r6,16.0,20170517
ZCL.TO,r7,13.96,20170517
ZCL.TO,m6,1.85,20170517
ZCL.TO,m8,-7.68,20170517
ZCL.TO,d,0.35,20170517
ZCLCF,y,2.97,20170517
ZCLCF,p,10.1859,20170517
ZCLCF,k,10.9875,20170517
ZCLCF,j,6.602,20170517
ZCLCF,k5,-7.2956,20170517
ZCLCF,j6,54.2851,20170517
ZCLCF,e,0.352,20170517
ZCLCF,b4,2.651,20170517
ZCLCF,p5,2.3773,20170517
ZCLCF,p6,3.8423,20170517
ZCLCF,r,28.9372,20170517
ZCLCF,r5,0.0,20170517
ZCLCF,m6,11.2401,20170517
ZCLCF,m8,-4.6496,20170517
ZCLCF,d,0.24,20170517
ZEG.L,p,156.0,20170517
ZEG.L,k,161.0,20170517
ZEG.L,j,98.5,20170517
ZEG.L,k5,-2.17,20170517
ZEG.L,j6,59.9,20170517
ZEG.L,e,-3.1,20170517
ZEG.L,e7,-0.01,20170517
ZEG.L,b4,2.02,20170517
ZEG.L,p5,199.12,20170517
ZEG.L,p6,77.34,20170517
ZEG.L,m6,23.01,20170517
ZEG.L,m8,8.74,20170517
ZENB.IL,p,2.9,20170517
ZENB.IL,k,2.9,20170517
ZENB.IL,j,2.6,20170517
ZENB.IL,k5,0.0,20170517
ZENB.IL,j6,11.54,20170517
ZENB.IL,m6,-99.0,20170517
ZENB.IL,m8,-99.0,20170517
ZENB.L,k,290.0,20170517
ZENB.L,j,240.0,20170517
ZENB.L,b4,0.0,20170517
ZENB.L,r5,0.0,20170517
ZEUS,y,0.47,20170517
ZEUS,p,18.16,20170517
ZEUS,k,31.19,20170517
ZEUS,j,16.84,20170517
ZEUS,k5,-44.89,20170517
ZEUS,j6,2.08,20170517
ZEUS,e,0.66,20170517
ZEUS,e7,1.25,20170517
ZEUS,e8,1.59,20170517
ZEUS,t8,25.67,20170517
ZEUS,b4,23.85,20170517
ZEUS,p5,0.18,20170517
ZEUS,p6,0.76,20170517
ZEUS,r,26.2,20170517
ZEUS,r5,0.42,20170517
ZEUS,r6,13.75,20170517
ZEUS,r7,10.81,20170517
ZEUS,m6,-23.14,20170517
ZEUS,m8,-8.86,20170517
ZEUS,d,0.08,20170517
ZF,p,11.8,20170517
ZF,k,13.15,20170517
ZF,j,10.6,20170517
ZF,k5,-11.03,20170517
ZF,j6,10.38,20170517
ZF,e,0.4,20170517
ZF,e7,,20170517
ZF,m6,3.17,20170517
ZF,m8,1.63,20170517
ZFC,y,11.94,20170517
ZFC,p,13.4,20170517
ZFC,k,16.0,20170517
ZFC,j,12.63,20170517
ZFC,k5,-16.25,20170517
ZFC,j6,6.1,20170517
ZFC,e,-0.28,20170517
ZFC,e7,1.91,20170517
ZFC,e8,1.99,20170517
ZFC,t8,17.25,20170517
ZFC,m6,-5.24,20170517
ZFC,m8,-6.14,20170517
ZFC,d,1.6,20170517
ZFSVF,y,6.49,20170517
ZFSVF,p,289.23,20170517
ZFSVF,k,290.98,20170517
ZFSVF,j,223.75,20170517
ZFSVF,k5,-0.6,20170517
ZFSVF,j6,29.26,20170517
ZFSVF,e,21.36,20170517
ZFSVF,e7,23.17,20170517
ZFSVF,e8,24.74,20170517
ZFSVF,b4,205.22,20170517
ZFSVF,p5,0.64,20170517
ZFSVF,p6,1.41,20170517
ZFSVF,r,13.54,20170517
ZFSVF,r5,0.73,20170517
ZFSVF,r6,12.48,20170517
ZFSVF,r7,11.69,20170517
ZFSVF,m6,5.36,20170517
ZFSVF,m8,6.04,20170517
ZFSVF,d,17.72,20170517
ZHAOF,y,0.66,20170517
ZHAOF,p,0.81,20170517
ZHAOF,k,1.24,20170517
ZHAOF,j,0.76,20170517
ZHAOF,k5,-34.68,20170517
ZHAOF,j6,6.58,20170517
ZHAOF,e,0.02,20170517
ZHAOF,b4,0.55,20170517
ZHAOF,p5,2.43,20170517
ZHAOF,p6,1.48,20170517
ZHAOF,r,40.5,20170517
ZHAOF,m6,-11.87,20170517
ZHAOF,m8,-9.31,20170517
ZHAOF,d,0.01,20170517
ZHEH.L,p,92.319733,20170517
ZHEH.L,k,111.0,20170517
ZHEH.L,j,83.0,20170517
ZHEH.L,k5,-16.829069,20170517
ZHEH.L,j6,11.228594,20170517
ZHEH.L,e,10.6,20170517
ZHEH.L,b4,0.638,20170517
ZHEH.L,p5,282.718964,20170517
ZHEH.L,p6,144.701767,20170517
ZHEH.L,r,8.709409,20170517
ZHEH.L,r5,0.0,20170517
ZHEH.L,m6,6.798512,20170517
ZHEH.L,m8,-1.094129,20170517
