symbol,country,exchange,name,notes
2020,norway,XOSL,2020 BULKERS,
ABG,norway,XOSL,ABG SUNDAL COLLIER,
ACR,norway,XOSL,AXACTOR,
AFG,norway,XOSL,AF GRUPPEN,
AFK,norway,XOSL,ARENDALS FOSSEKOMP,
AGLX,norway,XOSL,AGILYX,
AKAST,norway,XOSL,AKASTOR,
AKBM,norway,XOSL,AKER BIOMARINE,
AKER,norway,XOSL,AKER,
AKRBP,norway,XOSL,AKER BP,
AKSO,norway,XOSL,AKER SOLUTIONS,
AKVA,norway,XOSL,AKVA GROUP,
APR,norway,XOSL,APPEAR,
AQUA,norway,XOSL,AQUALIS,
ARCH,norway,XOSL,ARCHER,
ARR,norway,XOSL,ARRIBATEC GROUP,
ASA,norway,XOSL,ATLANTIC SAPPHIRE,
ASAS,norway,XOSL,ATLANTIC SAPPHI TR,
ATEA,norway,XOSL,ATEA,
AURG,norway,XOSL,AURSKOG SPAREBANK,
AUSS,norway,XOSL,AUSTEVOLL SEAFOOD,
AUTO,norway,XOSL,AUTOSTORE HOLDINGS,
AZT,norway,XOSL,ARCTICZYMES TECHNO,
B2I,norway,XOSL,B2 Impact,
BAKKA,norway,XOSL,BAKKAFROST,
BEWI,norway,XOSL,BEWI,
BIEN,norway,XOSL,BIEN SPAREBANK,
BINT,norway,XOSL,BEVEST,
BNOR,norway,XOSL,BLUENORD,
BOHUS,norway,XOSL,BOHUS,
BONHR,norway,XOSL,BONHEUR,
BOR,norway,XOSL,BORGESTAD,
BORR,norway,XOSL,BORR DRILLING,
BOUV,norway,XOSL,BOUVET,
BRG,norway,XOSL,BORREGAARD,
BWE,norway,XOSL,BW ENERGY LIMITED,
BWLPG,norway,XOSL,BW LPG,
BWO,norway,XOSL,BW OFFSHORE LTD,
CADLR,norway,XOSL,CADELER,
CAPSL,norway,XOSL,CAPSOL TECHNOLOGI,
CAVEN,norway,XOSL,CAVENDISH HYDROGEN,
CLOUD,norway,XOSL,CLOUDBERRY CLEAN,
CMBTO,norway,XOSL,CMB.TECH,
CONTX,norway,XOSL,CONTEXTVISION,
COSH,norway,XOSL,CONSTELLATION OIL,
CRNA,norway,XOSL,CIRCIO HOLDING,
DELIA,norway,XOSL,DELLIA GROUP,
DFENS,norway,XOSL,FJORD DEFENCE GR,
DNB,norway,XOSL,DNB BANK,
DNO,norway,XOSL,DNO,
DOFG,norway,XOSL,DOF GROUP,
EIOF,norway,XOSL,EIDESVIK OFFSHORE,
ELABS,norway,XOSL,ELLIPTIC LABORATOR,
ELK,norway,XOSL,ELKEM,
ELMRA,norway,XOSL,ELMERA GROUP,
ELO,norway,XOSL,ELOPAK,
EMGS,norway,XOSL,ELECTROMAGNET GEO,
ENDUR,norway,XOSL,ENDÚR,
ENH,norway,XOSL,SED ENERGY HOLDING,
ENSU,norway,XOSL,ENSURGE MICROPOWER,
ENTRA,norway,XOSL,ENTRA,
ENVIP,norway,XOSL,ENVIPCO HOLDING,
EPR,norway,XOSL,EUROPRIS,
EQNR,norway,XOSL,EQUINOR,
EQVA,norway,XOSL,EQVA,
FRO,norway,XOSL,FRONTLINE,
GENO,norway,XOSL,GENERAL OCEANS,
GENT,norway,XOSL,GENTIAN DIAGNOSTIC,
GJF,norway,XOSL,GJENSIDIGE FORSIKR,
GOD,norway,XOSL,GOODTECH,
GSF,norway,XOSL,GRIEG SEAFOOD,
GYL,norway,XOSL,GYLDENDAL,
HAFNI,norway,XOSL,HAFNIA LIMITED,
HAUTO,norway,XOSL,HÖEGH AUTOLINERS,
HAVI,norway,XOSL,HAVILA SHIPPING,
HBC,norway,XOSL,HOFSETH BIOCARE,
HELG,norway,XOSL,SPBK1 HELGELAND,
HERMA,norway,XOSL,HERMANA HOLDING,
HEX,norway,XOSL,HEXAGON COMPOSITES,
HGSB,norway,XOSL,HAUGESUND SPB,
HPUR,norway,XOSL,HEXAGON PURUS,
HSHP,norway,XOSL,HIMALAYA SHIPPING,
HSPG,norway,XOSL,HØLAND OG SETSKOG,
HYPRO,norway,XOSL,HYDROGENPRO,
IDEX,norway,XOSL,IDEX BIOMETRICS,
IOX,norway,XOSL,INTEROIL EXPL PROD,
ITERA,norway,XOSL,ITERA,
IWS,norway,XOSL,INTEGRATED WIND SO,
JAREN,norway,XOSL,JÆREN SPAREBANK,
JIN,norway,XOSL,JINHUI SHIPP TRANS,
KCC,norway,XOSL,KLAVENESS COMBINAT,
KID,norway,XOSL,KID,
KIT,norway,XOSL,KITRON,
KMAR,norway,XOSL,KONGSBERG MARITIME,
KOA,norway,XOSL,KONGSBERG AUTOMOT,
KOG,norway,XOSL,KONGSBERG GRUPPEN,
KOMPL,norway,XOSL,KOMPLETT,
LIFE,norway,XOSL,LIFECARE,
LINK,norway,XOSL,LINK MOBILITY GRP,
LSG,norway,XOSL,LERØY SEAFOOD GP,
MEDI,norway,XOSL,MEDISTIM,
MELG,norway,XOSL,MELHUS SPAREBANK,
MGN,norway,XOSL,MAGNORA,
MING,norway,XOSL,SPAREBANK 1 SMN,
MORG,norway,XOSL,SPAREBANKEN MØRE,
MORLD,norway,XOSL,MORELD,
MOWI,norway,XOSL,MOWI,
MPCC,norway,XOSL,MPC CONTAINER SHIP,
MULTI,norway,XOSL,MULTICONSULT,
NAPA,norway,XOSL,NAPATECH,
NAS,norway,XOSL,NORWEGIAN AIR SHUT,
NAVA,norway,XOSL,NAVAMEDIC,
NEL,norway,XOSL,NEL,
NEXT,norway,XOSL,NEXT BIOMETRICS GP,
NHY,norway,XOSL,NORSK HYDRO,
NKR,norway,XOSL,NEKKAR,
NOD,norway,XOSL,NORDIC SEMICONDUC,
NOL,norway,XOSL,NORTHERN OCEAN LTD,
NOM,norway,XOSL,NORDIC MINING,
NONG,norway,XOSL,SPBK1 NORD-NORGE,
NORBT,norway,XOSL,NORBIT,
NORCO,norway,XOSL,NORCONSULT,
NRC,norway,XOSL,NRC GROUP,
NSKOG,norway,XOSL,NORSKE SKOG,
NYKD,norway,XOSL,NYKODE THERAPEUTIC,
ODF,norway,XOSL,ODFJELL SER. A,
ODFB,norway,XOSL,ODFJELL SER. B,
ODL,norway,XOSL,ODFJELL DRILLING,
OET,norway,XOSL,OKEANIS ECO TANKER,
OKEA,norway,XOSL,OKEA,
ONCIN,norway,XOSL,ONCOINVENT,
ORK,norway,XOSL,ORKLA,
OTEC,norway,XOSL,OTELLO CORPORATION,
OTL,norway,XOSL,ODFJELL TECHNOLOGY,
OTOVO,norway,XOSL,OTOVO,
PARB,norway,XOSL,PARETO BANK,
PEN,norway,XOSL,PANORO ENERGY,
PEXIP,norway,XOSL,PEXIP HOLDING,
PHO,norway,XOSL,PHOTOCURE,
PLSV,norway,XOSL,PARATUS ENERGY SER,
PLT,norway,XOSL,POLIGHT,
PNOR,norway,XOSL,PETRONOR E&P,
POL,norway,XOSL,POLARIS MEDIA,
PROT,norway,XOSL,PROTECTOR FORSIKRG,
PRS,norway,XOSL,PROSAFE,
PSE,norway,XOSL,PETROLIA,
PUBLI,norway,XOSL,PPI PUBLIC PROP,
QEC,norway,XOSL,QUESTERRE ENERGY,
REACH,norway,XOSL,REACH SUBSEA,
RING,norway,XOSL,SPBK1 RINGERIKE,
ROGS,norway,XOSL,ROGALAND SPAREBANK,
SAGA,norway,XOSL,SAGA PURE,
SALM,norway,XOSL,SALMAR,
SALME,norway,XOSL,SALMON EVOLUTION,
SATS,norway,XOSL,SATS,
SB1NO,norway,XOSL,SPAREBANK 1 SØR-N,
SBNOR,norway,XOSL,SPAREBANKEN NORGE,
SBO,norway,XOSL,SELVAAG BOLIG,
SCANA,norway,XOSL,SCANA,
SCATC,norway,XOSL,SCATEC,
SDSD,norway,XOSL,S.D. STANDARD ETC,
SKUE,norway,XOSL,SKUE SPAREBANK,
SMOP,norway,XOSL,SMARTOPTICS GROUP,
SNI,norway,XOSL,STOLT-NIELSEN,
SNOR,norway,XOSL,SPBK 1 NORDMØRE,
SNTIA,norway,XOSL,SENTIA,
SOAG,norway,XOSL,SPBK1 ØSTFOLD AKE,
SOFF,norway,XOSL,SOLSTAD OFFSHORE,
SOGN,norway,XOSL,SOGN SPAREBANK,
SOMA,norway,XOSL,SOLSTAD MARITIME,
SPOG,norway,XOSL,SPAREBANKEN ØST,
SPOL,norway,XOSL,SPBK 1 ØSTLANDET,
STB,norway,XOSL,STOREBRAND,
STECH,norway,XOSL,SOILTECH,
STRO,norway,XOSL,STRONGPOINT,
SUBC,norway,XOSL,SUBSEA 7,
SWON,norway,XOSL,SOFTWAREONE HOLD,
TECH,norway,XOSL,TECHSTEP,
TEKNA,norway,XOSL,TEKNA HOLDING,
TEL,norway,XOSL,TELENOR,
TGS,norway,XOSL,TGS,
TIETO,norway,XOSL,TIETOEVRY,
TOM,norway,XOSL,TOMRA SYSTEMS,
TRMED,norway,XOSL,THOR MEDICAL,
TRSB,norway,XOSL,TRØNDELAG SPBK,
VAR,norway,XOSL,VÅR ENERGI,
VEI,norway,XOSL,VEIDEKKE,
VEND,norway,XOSL,VEND MARKETPLACES,
VISTN,norway,XOSL,VISTIN PHARMA,
VOW,norway,XOSL,VOW,
VVL,norway,XOSL,VOSS VEKSEL OGLAND,
WAWI,norway,XOSL,WALLENIUS WILHELMS,
WSTEP,norway,XOSL,WEBSTEP,
WWI,norway,XOSL,WILH. WILHELMSEN A,
WWIB,norway,XOSL,WILH. WILHELMSEN B,
YAR,norway,XOSL,YARA INTERNATIONAL,
ZAL,norway,XOSL,ZALARIS,
ZAP,norway,XOSL,ZAPTEC,
ZLNA,norway,XOSL,ZELLUNA,
