	macd	trigger
1528		
1527		
1526		
1525		
1524		
1523		
1522		
1521		
1520		
1519		
1518		
1517		
1516		
1515		
1514		
1513		
1512		
1511		
1510		
1509		
1508		
1507		
1506		
1505		
1504		
1503		
1502		
1501		
1500		
1499		
1498		
1497		
1496		
1495		
1494		
1493		
1492		
1491		
1490		
1489		
1488		
1487		
1486		
1485		
1484		
1483		
1482		
1481		
1480		
1479		
1478		
1477		
1476		
1475		
1474		
1473		
1472		
1471		
1470		
1469		
1468		
1467		
1466		
1465		
1464		
1463		
1462		
1461		
1460		
1459		
1458		
1457		
1456		
1455		
1454		
1453		
1452		
1451		
1450		
1449		
1448		
1447		
1446		
1445		
1444		
1443		
1442		
1441		
1440		
1439		
1438		
1437		
1436		
1435		
1434		
1433		
1432		
1431		
1430	-2.4728121614709266	
1429	-2.493579510412573	
1428	-2.5304147571769278	
1427	-2.594487888040959	
1426	-2.6552618600294835	
1425	-2.6737061105570774	
1424	-2.670269632486125	
1423	-2.650316962333335	
1422	-2.6518867458011925	
1421	-2.69160880178066	
1420	-2.7280809026216843	
1419	-2.7316036268987745	
1418	-2.692576647422541	
1417	-2.64956909068448	
1416	-2.6161363662327375	
1415	-2.5717792897144705	
1414	-2.528190015481627	
1413	-2.4819894196912458	
1412	-2.4029727195526505	
1411	-2.3354324381354132	
1410	-2.2800131526793166	
1409	-2.2395917172126474	
1408	-2.1840405847586055	
1407	-2.1242815708915828	
1406	-2.07988221322843	
1405	-2.0285002858192485	
1404	-1.9533182911232387	
1403	-1.888647446751591	
1402	-1.8087933245912495	
1401	-1.760469774750689	
1400	-1.7111817163649619	
1399	-1.6725389976972167	
1398	-1.6186360449811872	
1397	-1.5733522131891107	
1396	-1.5281966511260237	
1395	-1.5273842855966109	
1394	-1.5456434236403567	
1393	-1.5179190909311302	
1392	-1.4790061000008734	
1391	-1.4434741683083558	
1390	-1.412362282845919	
1389	-1.399591505604107	
1388	-1.3690383600171145	
1387	-1.3391921564342368	
1386	-1.321844734467163	
1385	-1.3164496668844095	
1384	-1.3130024738475328	
1383	-1.30667325076746	
1382	-1.2845228296371118	-1.7664445798983899
1381	-1.2686838480985898	-1.7438702646302844
1380	-1.2386241999232794	-1.7210962192556265
1379	-1.1615723756258944	-1.6960225131396265
1378	-0.9786967932129897	-1.6640562100191199
1377	-0.7857335099647571	-1.6251235636274066
1376	-0.5916036973980567	-1.5795445563978463
1375	-0.37604264620219396	-1.5267272288746647
1374	-0.1857601257260484	-1.4681506458948954
1373	0.023600699252810386	-1.4032772213813542
1372	0.1884502121717304	-1.334350510313068
1371	0.3215513679489135	-1.2629367443590216
1370	0.41097043660921884	-1.1910277122665052
1369	0.4864252276462082	-1.1192350861114335
1368	0.5460817794755428	-1.0482163204999317
1367	0.5966778125434473	-0.9783082909104469
1366	0.6531585860048494	-0.9091979013592927
1365	0.6970104223894822	-0.8413708166364317
1364	0.7470236891567907	-0.7744974237647712
1363	0.7943767222541567	-0.7086359099644804
1362	0.8550170929434131	-0.6431745434869943
1361	0.8953704136778953	-0.5789344622476823
1360	0.9358725707110693	-0.5158456551450364
1359	0.9764988915167265	-0.45384318204073015
1358	1.045388575728353	-0.3916994437936825
1357	1.1179621009244158	-0.32926291385845885
1356	1.1731638324045264	-0.26725843137606703
1355	1.2178843055877309	-0.2060928782432517
1354	1.267323637692897	-0.14552953528844045
1353	1.308943038150261	-0.08585754521043462
1352	1.372635035488642	-0.026128788677794862
1351	1.436425992045514	0.03366248494381983
1350	1.534836095925229	0.0949304956537493
1349	1.5971043379902738	0.1561415310272077
1348	1.663140841048687	0.2174552256078705
1347	1.7475955199511901	0.2796190360276015
1346	1.8434143927284907	0.34306063800867503
1345	1.9128600776166707	0.40665975051357706
1344	1.971965637086086	0.4699945715951722
1343	2.1018683298184158	0.5359406721365998
1342	2.1899948231067583	0.6027032899593721
1341	2.34014570954983	0.6727513416203316
1340	2.5059167220467202	0.746577345080111
1339	2.6703392149904346	0.823970104856316
1338	2.817191856307801	0.9040759841715359
1337	2.9758822780198813	0.987259133690123
1336	3.150798938195308	1.074044299392998
1335	3.3074029403658614	1.163549801815547
1334	3.4514408308344002	1.2551619054700902
1333	3.599670530408588	1.34896357526238
1332	3.745574499044281	1.4447737941873724
1331	3.880418518900953	1.5420703721746591
1330	3.983323457963337	1.6395197259057714
1329	4.1171384653684555	1.7383513280281693
1328	4.2276944512834405	1.8375837235771801
1327	4.3285423318678795	1.9368162939488245
1326	4.422583355620276	2.0357805502777366
1325	4.523911793078099	2.1347798598258607
1324	4.649769322209735	2.234790521356034
1323	4.771294215131348	2.335601253191491
1322	4.870984881290809	2.4363142639200497
1321	4.951034778154295	2.5361558243572238
1320	5.016071881555831	2.634567606586004
1319	5.090717935009366	2.7319907040238975
1318	5.164403999963227	2.8284289461965013
1317	5.23587469585982	2.9238361322020596
1316	5.325420475088379	3.0189716100683737
1315	5.428391503452289	3.1143795153991
1314	5.535276774973298	3.2102052766010845
1313	5.616730171926449	3.30542718803616
1312	5.634590410637784	3.3975555570801546
1311	5.658876297159054	3.486970190693652
1310	5.700698549973325	3.574474522539633
1309	5.7478317314223375	3.6603562371081977
1308	5.768287392496916	3.743627613974328
1307	5.7911899938122104	3.8244908912167417
1306	5.815148622697905	3.903085110972079
1305	5.870603820423966	3.980745120963781
1304	5.945939175554557	4.058293572111975
1303	5.994434023673847	4.134676805008527
1302	6.0338162886986595	4.20958265421429
1301	6.0581130964240515	4.2824758855377025
1300	6.059078822276675	4.352517568504282
1299	6.061971570896105	4.419897868340373
1298	6.087095693559704	4.485599408670749
1297	6.095187036019752	4.549018405810945
1296	6.11889752009958	4.610861410496693
1295	6.106473196139461	4.66976829311166
1294	6.090185687232633	4.725703979958136
1293	6.094479029558954	4.779597161902496
1292	6.069883845792532	4.830391992737941
1291	6.045828613335459	4.878232951207635
1290	5.995458899056388	4.922201831664258
1289	5.943004802795144	4.962370334430715
1288	5.886029270770251	4.998711350642038
1287	5.808132248251354	5.03055360808459
1286	5.707738849858487	5.05719047429042
1285	5.644811282988286	5.080301601866393
1284	5.599758720509101	5.100729516145134
1283	5.535925553289957	5.1178419414286305
1282	5.488793646931981	5.13242666453995
1281	5.406357537330081	5.143195724186582
1280	5.330004985439587	5.150539052055159
1279	5.269760777239696	5.155225127705005
1278	5.20439990659014	5.157157795825629
1277	5.1431705147565765	5.15660811488749
1276	5.07308049294906	5.153325866279968
1275	5.034370724469937	5.148651852688014
1274	4.999954562862314	5.142809650798643
1273	4.920838160359864	5.134089203379368
1272	4.849199751366001	5.1228977302545236
1271	4.730754556851224	5.107493994238335
1270	4.601108137267573	5.087604000077633
1269	4.48398053986125	5.0638961599073085
1268	4.356998816760154	5.036133818525141
1267	4.180791670343723	5.0025434706821965
1266	4.00786440067202	4.963483358951755
1265	3.835582501988995	4.919194116789359
1264	3.618946075007642	4.868139941886878
1263	3.4154447657060985	4.811102747698577
1262	3.225875292618099	4.74886488221266
1261	2.998174958349381	4.680133893919155
1260	2.785726814927841	4.605763909224309
1259	2.582793246705677	4.526350152482111
1258	2.4019365255715286	4.442957512415592
1257	2.200992996982052	4.354953888894987
1256	2.0093445166409936	4.262885330312812
1255	1.8034527961094113	4.166352500030933
1254	1.5492402848935285	4.06363426460894
1253	1.3277295901349646	3.956257124580783
1252	1.1504551425977922	3.846140189109293
1251	1.019373260381343	3.735203840048777
1250	0.8756580323786523	3.622984370109043
1249	0.7264115573206311	3.5093150161563496
1248	0.5551745068649439	3.39338968225825
1247	0.35915788868166487	3.274324525404285
1246	0.1589620916555532	3.1520788002420117
1245	0.013015104526346022	3.0289059973317265
1244	-0.11337271406648597	2.905609879817123
1243	-0.2055166686652683	2.7835388047642455
1242	-0.2700937386890985	2.6637261643943626
1241	-0.36519989203215175	2.544885336605213
1240	-0.5010361642121381	2.4253800315799485
1239	-0.6575810940691298	2.3044237737292885
1238	-0.7846716708423287	2.1832290376905275
1237	-0.9094479315405835	2.061895898123171
1236	-1.0474736762037082	1.9399099064237677
1235	-1.1308020000536345	1.819442456914864
1234	-1.1981034527632914	1.7010625950553455
1233	-1.2332485254442247	1.5859497826203293
1232	-1.272623838623005	1.4738097437963273
1231	-1.3211945418973556	1.3641649900977653
1230	-1.3811070264397927	1.2564725909332737
1229	-1.4440471015746539	1.1505370880684211
1228	-1.4826532731974424	1.0472440215754366
1227	-1.5135511240474528	0.946791998308387
1226	-1.561682437460334	0.8483934558355135
1225	-1.5744286457325387	0.7533557729987477
1224	-1.5624590995241334	0.6625164977709928
1223	-1.5217210872376228	0.5768392744162207
1222	-1.4561345043351537	0.4970961698795209
1221	-1.4122158506639835	0.4222043668179492
1220	-1.3877069864827547	0.35121213037354504
1219	-1.410251650690384	0.2821207936720103
1218	-1.4180746864604856	0.21543317608166734
1217	-1.3807299633328967	0.1528265602155723
1216	-1.3482581045074227	0.09394966778054589
1215	-1.2867441804519615	0.03979524281017901
1214	-1.1988371351857126	-0.00878682295632885
1213	-1.1156083059487258	-0.05219866735450714
1212	-1.0355910940558175	-0.09076912028990057
1211	-0.9249589535240403	-0.12348737302169334
1210	-0.7890526467526939	-0.14959174804442632
1209	-0.6226058330742603	-0.16814389837452803
1208	-0.49844566596347306	-0.181098638705637
1207	-0.37579064862842415	-0.1887345991261095
1206	-0.280585987357469	-0.19233705839635895
1205	-0.16621593771441212	-0.19131257939558782
1204	-0.05956558904070164	-0.18614544281811166
1203	0.025385259168103858	-0.17784921421436437
1202	0.09996297010084731	-0.16695347432235805
1201	0.21781822789567684	-0.15186286508439276
1200	0.3055270435047248	-0.13392426663276796
1199	0.38648436919606866	-0.11351418351876082
1198	0.46485023858002705	-0.0908311956031692
1197	0.5108403754319539	-0.06723420286435243
1196	0.5310978307505394	-0.04376826278018296
1195	0.541066539244369	-0.02083174395134681
1194	0.5515981583803438	0.0016181997126187661
1193	0.5224033336448315	0.022042642774475783
1192	0.5007607323980494	0.040817222977472416
1191	0.4681545628856014	0.05757668367744746
1190	0.4380895199702195	0.07249972552917901
1189	0.4221561201370321	0.08621259724725389
1188	0.4249155199957926	0.0994958616980331
1187	0.44551545499604117	0.11306603969255376
1186	0.4792356855317763	0.12742642891350664
1185	0.5280599697287869	0.1431383841540861
1184	0.5574936719366406	0.15938844184310377
1183	0.591792802534556	0.17634630850055935
1182	0.638514659640407	0.19447141288874278
1181	0.6866735468200176	0.21377433253986253
1180	0.7400777303738266	0.23441458059274872
1179	0.7711688360720927	0.2554646480930382
1178	0.8069400859911724	0.2770920055290827
1177	0.8159663038386213	0.2982251474294452
1176	0.7864626712971443	0.31737242773589486
1175	0.7721926325059485	0.33520915032832493
1174	0.694476000495527	0.34929852919318793
1173	0.6212398083060577	0.35996324418129144
1172	0.5406179908112705	0.3670479681440745
1171	0.4477884822147473	0.3702143590410896
1170	0.365457249974952	0.37002780029713805
1169	0.24898351737385838	0.3652808325037029
1168	0.10778386204538037	0.35518263991346405
1167	-0.027036438955079234	0.3401932682583356
1166	-0.1608991351704816	0.3205420968338384
1165	-0.30028008983533994	0.2961955467226095
1164	-0.4474563973900416	0.26703205556832776
1163	-0.5850908451846095	0.23361473380680467
1162	-0.7278518965078149	0.19590936065561934
1161	-0.8689292625807639	0.15415013263238642
1160	-0.9888177882538258	0.10932698397720676
1159	-1.1170338171225467	0.0612334992011415
1158	-1.2440268600860094	0.01004589366870344
1157	-1.3801922104185138	-0.04447419402335879
1156	-1.5276427899149212	-0.10263863839311053
1155	-1.6519678663633925	-0.16339762088696835
1154	-1.7437498097307724	-0.22537317063203355
1153	-1.861660655349823	-0.28954225642078874
1152	-1.9628205916788204	-0.35516194719311805
1151	-2.0622502601263193	-0.4221075009762722
1150	-2.1729863622931163	-0.4907703178487741
1149	-2.3139710981316313	-0.5622692888295847
1148	-2.4382173737168245	-0.6358367712686565
1147	-2.549025306642335	-0.7108646455857376
1146	-2.627433231128464	-0.7860250381386479
1145	-2.6644675771265014	-0.8596902426043143
1144	-2.6867159695584775	-0.9313390496666258
1143	-2.715659426741624	-1.001313091528103
1142	-2.7327609097340826	-1.0692136527520475
1141	-2.7463585370163486	-1.1349846423009857
1140	-2.8047519064346176	-1.2004662872640879
1139	-2.8902540276819906	-1.2667330329972424
1138	-2.983366689210598	-1.334052546332895
1137	-3.096708255268979	-1.4031768386961079
1136	-3.244914635363358	-1.4754023914986483
1135	-3.42632012018575	-1.5519095198631916
1134	-3.597671740504026	-1.6321360441958963
1133	-3.767147269994666	-1.7158625310131232
1132	-3.926935162890942	-1.8025718152938583
1131	-4.065680196495634	-1.8913217080024796
1130	-4.166047661128516	-1.9805271731019698
1129	-4.223226419817777	-2.0684766612001724
1128	-4.279503786479111	-2.1551840790321943
1127	-4.34139958552953	-2.2409184686201225
1126	-4.39691098331042	-2.325467619315699
1125	-4.467126390178677	-2.40945464304563
1124	-4.525305866325525	-2.492429585501187
1123	-4.569364284720564	-2.573878367874849
1122	-4.599922270320533	-2.6533314099596708
1121	-4.616277465391946	-2.7303100031625833
1120	-4.6190686450842975	-2.804379262125795
1119	-4.636249665008805	-2.8762175898113687
1118	-4.654137921613625	-2.9459402100264986
1117	-4.666182859552336	-3.0134009424522707
1116	-4.670040886537009	-3.0783674334695035
1115	-4.680403395307707	-3.1411925763472914
1114	-4.70868529741594	-3.2026630701540366
1113	-4.70588573248736	-3.261613154484567
1112	-4.692951173506813	-3.3177442182064296
1111	-4.679463664192625	-3.3711451279704345
1110	-4.668059293183731	-3.4220046416735252
1109	-4.662554893258488	-3.4706537949177187
1108	-4.6574765955191	-3.517195979295863
1107	-4.628070119128807	-3.5607597733641323
1106	-4.589781517307102	-3.6011136582993175
1105	-4.545639579851951	-3.638153970817766
1104	-4.510256296325977	-3.6723541332500402
1103	-4.483250877832745	-3.704154069225527
1102	-4.466859622857513	-3.7340641484461337
1101	-4.439774297469967	-3.7617391073762207
1100	-4.4194234252532	-3.7875306950312715
1099	-4.366448010012235	-3.810233373549263
1098	-4.316217332544397	-3.830075914255623
1097	-4.254309192596864	-3.8467125395951536
1096	-4.18389236217007	-3.859935297733959
1095	-4.111902046705964	-3.869816361071698
1094	-4.054073262757086	-3.8770421320103083
1093	-3.986351685328472	-3.8813287869101223
1092	-3.928756130659707	-3.883188685140454
1091	-3.8834593868041054	-3.883199300905115
1090	-3.849924422409927	-3.881894402156802
1089	-3.8263303519002534	-3.8797154173031463
1088	-3.8057252318545522	-3.876813838216661
1087	-3.7931924620895217	-3.873534565104517
1086	-3.7857661234801725	-3.870092661943697
1085	-3.7506610939763902	-3.8654090664811562
1084	-3.68264609653194	-3.8582418844818944
1083	-3.6418588389974644	-3.8497562672255206
1082	-3.595824708387795	-3.8397981582765883
1081	-3.552620587434717	-3.8285362834062737
1080	-3.516046860936214	-3.816281786478488
1079	-3.48321571563568	-3.803220361928522
1078	-3.4526713291359954	-3.7894733309153383
1077	-3.430836982479846	-3.7754091504416323
1076	-3.410815332594396	-3.761111343947806
1075	-3.356068661068349	-3.7452273067981254
1074	-3.3163953669373143	-3.728410357431452
1073	-3.2781054037010904	-3.710751328995684
1072	-3.255481656704987	-3.6928976060190286
1071	-3.2347980131251717	-3.6749329061074834
1070	-3.209464908605611	-3.656679249389965
1069	-3.1862194322846022	-3.638229835323022
1068	-3.170188098876693	-3.6198752483669296
1067	-3.1441191696263218	-3.6012181383953448
1066	-3.1202054941729926	-3.5823548888539003
1065	-3.1126878388712527	-3.5639365651083823
1064	-3.094774219607288	-3.5455380340198714
1063	-3.0721576218498683	-3.5269740887887218
1062	-3.0580885783490004	-3.508586414576153
1061	-3.0352530125535253	-3.490024313457506
1060	-2.9949453505574297	-3.4706094452115437
1059	-2.954915024732145	-3.450386127643235
1058	-2.9242874596107526	-3.4297548005050165
1057	-2.898742546928517	-3.4089307839439704
1056	-2.8702470526854	-3.3878059252885233
1055	-2.846765198239339	-3.3665886356514
1054	-2.825475681183846	-3.3453685138097558
1053	-2.8193145194436084	-3.3247389398174843
1052	-2.821082754150197	-3.3049877117119313
1051	-2.8134854871412784	-3.285713109852365
1050	-2.802163669135453	-3.266750382133235
1049	-2.7846879882434763	-3.247845970167988
1048	-2.7678606749409482	-3.2290230132413646
1047	-2.7412407934666305	-3.2098942946662823
1046	-2.7274315516953322	-3.1909741832271385
1045	-2.724553566507595	-3.172683175053762
1044	-2.7464378208624396	-3.1559676678103203
1043	-2.764590709126793	-3.140619548997998
1042	-2.7817779765033492	-3.126547328014995
1041	-2.795429605288078	-3.1135623171051776
1040	-2.8135149768013434	-3.1017957528463294
1039	-2.837125082824528	-3.0914165092795236
1038	-2.8803238751131772	-3.0831383655331734
1037	-2.930472712376414	-3.0771514763193974
1036	-2.9624798629511275	-3.0726545496881505
1035	-3.004509724328372	-3.069982203243441
1034	-3.043057715901483	-3.068926340861049
1033	-3.1043140358142978	-3.070314093773133
1032	-3.1624624233870833	-3.073927754180354
1031	-3.2111013662947556	-3.07930711212225
1030	-3.2271925162094988	-3.085106540359224
1029	-3.205698476677995	-3.0898356363913573
1028	-3.196540032553301	-3.0940201229321107
1027	-3.1822257791607598	-3.097479168605406
1026	-3.156485241157526	-3.09979313244764
1025	-3.114642373421688	-3.10037545567453
1024	-3.0574531298249212	-3.0986922270669877
1023	-3.039053991785167	-3.096353472551509
1022	-3.025120668673054	-3.0935600290433136
1021	-2.9998254234970574	-3.0898841618824653
1020	-2.975423028798673	-3.085395489672215
1019	-2.967516945940659	-3.0807728013615483
1018	-2.987082788351529	-3.0770986829590186
1017	-3.0042000378007003	-3.0742399123772937
1016	-3.022879305099096	-3.072225770791284
1015	-3.0378291139989955	-3.0708768822097614
1014	-3.0505143505986325	-3.0700783515129197
1013	-3.0675448415428264	-3.069978998175329
1012	-3.0848056805240702	-3.070560436729341
1011	-3.089250955875727	-3.071293398301473
1010	-3.101002324427668	-3.072458454284465
1009	-3.1092993803915334	-3.0739031965520276
1008	-3.07912378492766	-3.0741079255170956
1007	-3.052627559087341	-3.07326555816991
1006	-3.0140249155727616	-3.07094239561916
1005	-2.9495587431062233	-3.066182252194449
1004	-2.89952157301839	-3.0596465390363807
1003	-2.8111752278858972	-3.0499025656931242
1002	-2.7358135452615784	-3.037585348772076
1001	-2.679397081067634	-3.023538749563551
1000	-2.642394101091128	-3.0085919001182084
999	-2.6030960672519257	-2.992690102254498
998	-2.5642334352914276	-2.9758878795167067
997	-2.5271092734503355	-2.9582887179873487
996	-2.5112037480198808	-2.940755973581635
995	-2.4921095564139364	-2.9231619959697905
994	-2.464771330236772	-2.905185890971815
993	-2.450422040213084	-2.8873520140335556
992	-2.453687654221312	-2.8703455681495003
991	-2.467249920306145	-2.8545378953267395
990	-2.430708905502968	-2.837917150265797
989	-2.3138009979493006	-2.8173635752350825
988	-2.202320616600076	-2.7932442430390187
987	-2.0960783811403303	-2.7659044047894246
986	-1.9922854396059364	-2.7355664055917703
985	-1.8869761284492057	-2.702288354914398
984	-1.785485223708534	-2.666335290329634
983	-1.6889942002091942	-2.6280081881254556
982	-1.593417283199571	-2.587435995133828
981	-1.4961572041260638	-2.544640747777433
980	-1.4025521718170637	-2.4998529598310735
979	-1.3111816096570834	-2.4532383964253746
978	-1.2167804491801064	-2.404749848821188
977	-1.127352262436716	-2.354655825177164
976	-1.040111499818039	-2.3031050666787025
975	-0.9537011801421613	-2.2501872665742493
974	-0.8733392802327131	-2.1961932272742004
973	-0.7961864839524253	-2.1412910014402007
972	-0.7195312602265176	-2.0855357168800523
971	-0.609520473937124	-2.027652765586932
970	-0.4703377238979982	-1.9665815868839285
969	-0.34637505213807174	-1.9030440751201172
968	-0.24221392728668434	-1.837913480499161
967	-0.13746509171758703	-1.7712292293800214
966	-0.02699907368401	-1.7028280462333998
965	0.07062790083078596	-1.6332807536345437
964	0.16376665061162043	-1.5628083058668079
963	0.26299500945795273	-1.4912081753246078
962	0.3731944782629313	-1.4180943452526997
961	0.5003209868305305	-1.3428623709319707
960	0.6135739809358682	-1.2661393762378916
959	0.7330678020356771	-1.1877390942429478
958	0.8376121156939575	-1.10831355611751
957	0.9434667257575313	-1.027851583811248
956	1.0466085664558022	-0.9465002049147613
955	1.144502139742599	-0.864500112527118
954	1.2308221199019727	-0.78233061279227
953	1.3086566817332113	-0.7003311106397356
952	1.3757467179097773	-0.6189162934461585
951	1.4143090224099524	-0.5391819669693337
950	1.4451651340405505	-0.46136443325430965
949	1.484283063537589	-0.3850645310970709
948	1.5091193595823142	-0.3107828095925229
947	1.508587712247774	-0.23943494571276744
946	1.5007805438192037	-0.1711912007696007
945	1.5290237220548306	-0.10451610551691014
944	1.6033833516442257	-0.03753965598487413
943	1.668306012298956	0.02935625279752546
942	1.7411236663610907	0.09648438687703832
941	1.8097138047168784	0.16366985444935442
940	1.8820498380542858	0.23105730498536545
939	1.9527123441348806	0.2985731890647213
938	2.0152271407737175	0.36589295205994926
937	2.0855659641031963	0.4333311095712176
936	2.177665498009034	0.50173637987779
935	2.2983019601044674	0.5721899322135038
934	2.3992128348241835	0.6438378893446933
933	2.507299671159217	0.7169148221276055
932	2.6091515846226656	0.7911201855214732
931	2.6958806296299684	0.8658166736792787
930	2.7681311565327036	0.9404172417816546
929	2.826525680529656	1.0143822787356576
928	2.9068394947759657	1.088596287343132
927	2.98327927272058	1.162897581017498
926	3.0481653868041434	1.2368296519570874
925	3.099385348361608	1.3098710519341954
924	3.142746552751163	1.381748522666136
923	3.1642545855763444	1.4516507213159742
922	3.1792248133798466	1.5193987250234808
921	3.1918557592205445	1.5849852754745202
920	3.2048529877583434	1.6485094995697467
919	3.2155875405646697	1.709963540471242
918	3.2267624791131624	1.7694458518632235
917	3.234443671049007	1.8268967468007087
916	3.2322726979828076	1.8820095292621783
915	3.2285163761786464	1.9348137193945654
914	3.2297626702799676	1.9855960312468743
913	3.254021254619701	2.0353381969191053
912	3.279386295528113	2.084124396911453
911	3.305794125359654	2.1320330137575905
910	3.3423026551134285	2.1794945683626796
909	3.3741021014480026	2.2263419226412595
908	3.405298849390462	2.2725755276496873
907	3.4346013769764454	2.3181451688356196
906	3.458172543980197	2.3628521247574468
905	3.498408097608703	2.407383731568279
904	3.532380531035983	2.4515012531468257
903	3.5616604644966827	2.495036908523075
902	3.5890520972275795	2.5379394649705027
901	3.606810765881832	2.5798559866008177
900	3.625788432624944	2.6208729452928266
899	3.6224701486752906	2.6601512670165453
898	3.6291402340200705	2.69815083437088
897	3.6284040391169725	2.734631352223304
896	3.6258106452849717	2.7695795598120627
895	3.6357763330688186	2.803548060740633
894	3.6486040108475493	2.836687509779938
893	3.655037246208991	2.8687796563209935
892	3.681419259822192	2.9006478760799017
891	3.708588202194065	2.9323318104504668
890	3.735191283772565	2.9638164956913364
889	3.7781762078006835	2.9957521706882493
888	3.817232351810077	3.027967079763706
887	3.852518502156201	3.0603024296728845
886	3.88418816964969	3.0926116743888334
885	3.9176007579050207	3.1249641874784593
884	3.9226960855421567	3.1562477913339047
883	3.938542481282525	3.1869260144783875
882	3.8604212754904523	3.2133375933492516
881	3.735648604569917	3.2338203781087005
880	3.644581801566062	3.24992866922898
879	3.574006675811347	3.2626376106668458
878	3.4787320461043123	3.271111902254719
877	3.376869564143007	3.2752592615454383
876	3.271378200278349	3.275107063064341
875	3.171597666312522	3.27104787103397
874	3.0812278258142953	3.2636039476904575
873	2.9738315949814904	3.2522403260133013
872	2.8762963654675957	3.237497425596884
871	2.7634710031086485	3.2189081541232913
870	2.643928004487975	3.1963599129570834
869	2.5336690198262772	3.170372034790619
868	2.4440529797009702	3.1418889345863157
867	2.3442219737170547	3.110607877292356
866	2.234693790483419	3.07625830525539
865	2.1146649072958184	3.038548760231838
864	1.9846766664276032	2.9972204428219276
863	1.8543702049121151	2.952402786427241
862	1.7420665134142723	2.904938618851932
861	1.6652418297828717	2.8563230584902075
860	1.5871440607913456	2.8065513330842764
859	1.5013581717464888	2.755367287535714
858	1.4239124900467175	2.7031533739029077
857	1.3232009399086166	2.649037592171879
856	1.225089214548845	2.593196479318204
855	1.130812653467686	2.535848093985096
854	1.0350344880262128	2.476992658451738
853	0.9352675830394475	2.416532851567339
852	0.8591036909021312	2.3554571982025947
851	0.7898732031281241	2.2940617474102183
850	0.7168740011863264	2.232211247553324
849	0.6194718531604337	2.1689665654153796
848	0.5366101617271397	2.104952588795399
847	0.4572470539210798	2.040336685462383
846	0.3760533334262277	1.9750706716525679
845	0.2905492652625128	1.9090110086525272
844	0.20879248757357516	1.8423357725275635
843	0.11762716478726531	1.7747001408473602
842	0.03055737703849104	1.7063023853998782
841	-0.07861340033819886	1.636305687916024
840	-0.17755436164598848	1.5651739212626965
839	-0.2653776351962449	1.4933875857115668
838	-0.3503609323521033	1.4210837222544894
837	-0.4443142837431395	1.3479308592706907
836	-0.5155135315329602	1.2748546086475807
835	-0.5949225212696376	1.2015300153142556
834	-0.6756117453280694	1.1279166129330018
833	-0.7444531987413967	1.0544903458055224
832	-0.8175843267696479	0.9810756527604835
831	-0.8817438414091185	0.9080239078883384
830	-0.9529404863937714	0.8350449120314994
829	-1.0112749128201983	0.7626402130151922
828	-1.0117066423529764	0.6930579833905889
827	-1.0233163107573375	0.6257491875394923
826	-1.0586157802553657	0.5596956593886393
825	-1.0735154398757203	0.4956481652979451
824	-1.1015066600157013	0.4330146427348444
823	-1.1041979136671358	0.3727317973841
822	-1.121824161584513	0.3141217597759491
821	-1.1810531745326927	0.2554874486251117
820	-1.2408743694252706	0.19680659301387074
819	-1.2973212942280838	0.13821334253242984
818	-1.3492156303058351	0.07988279457668322
817	-1.4162793073975877	0.021209770968588035
816	-1.4743360397880565	-0.037439084356413035
815	-1.5289772976363452	-0.09593077899600222
814	-1.580330341281467	-0.15414252653771832
813	-1.6298211014146489	-0.21201227457316757
812	-1.6866280188448712	-0.26984034297699705
811	-1.733452024770969	-0.32723687951890745
810	-1.7850542619144534	-0.3844061886333869
809	-1.8333734110144064	-0.4412284326492156
808	-1.8785339905163312	-0.4975933564879868
807	-1.907628889607821	-0.552888867591522
806	-1.9474306834789985	-0.6075767819408074
805	-2.0026414724964923	-0.6622852011790128
804	-2.0608050491939593	-0.7171291167881428
803	-2.1061233481987927	-0.7715994788049154
802	-2.154791574714281	-0.8258423060961185
801	-2.1988150622423746	-0.8796843749652092
800	-2.2488047346559057	-0.9333753694634681
799	-2.308370784510572	-0.9872967582894088
798	-2.366623440467464	-1.0413880007283074
797	-2.415775672383589	-1.0952855564800155
796	-2.4627306163358327	-1.148910852945447
795	-2.514077793885832	-1.2024468114141746
794	-2.5617736154021316	-1.2557537449043548
793	-2.6085652364879195	-1.3088051759472843
792	-2.651863981764322	-1.3614741487248394
791	-2.698320353122199	-1.4138994900741537
790	-2.73473856128075	-1.4656971007100845
789	-2.7758876992860735	-1.517077124184013
788	-2.8137140472129545	-1.5679256309698042
787	-2.85877148523511	-1.6185470370197514
786	-2.9054957785190965	-1.6690156151180788
785	-2.9368506893550546	-1.7187346376374728
784	-2.97827312072873	-1.768128303641335
783	-3.0201631183406477	-1.817227708139618
782	-3.0520554490709344	-1.8656523254312987
781	-3.080903156706526	-1.9133092207756677
780	-3.1198576394841524	-1.9606248450389772
779	-3.1645294811785334	-2.0078367915544755
778	-3.2068181467262775	-2.054855668228092
777	-3.240296460657561	-2.1013435424412137
776	-3.2731652640571838	-2.147297335445953
775	-3.300224177516469	-2.1925101527822326
774	-3.3282378158339725	-2.237048492509923
773	-3.3480287232254256	-2.280616344695006
772	-3.371686362778874	-2.3234034042278586
771	-3.3925082922609135	-2.3653290861116507
770	-3.418429525256144	-2.406627142548825
769	-3.4439929995178176	-2.447308156547737
768	-3.4665961846401245	-2.4872802360808928
767	-3.492876085817045	-2.5267153674432095
766	-3.525256884447444	-2.56587385830623
765	-3.543902112123263	-2.6042279074756283
764	-3.5468228267436928	-2.641192414113687
763	-3.5503676231308248	-2.6768463438791534
762	-3.553203437050925	-2.711213288709501
761	-3.5423335078089337	-2.7438062384781805
760	-3.5327188070479423	-2.774743986265298
759	-3.494343606682662	-2.8029635792229013
758	-3.4519889856827604	-2.828415555946869
757	-3.4188860742706026	-2.8515712625478447
756	-3.3946302755891367	-2.8728676944318567
755	-3.3540783696506224	-2.8917387013032148
754	-3.320141475225171	-2.9085388100844973
753	-3.286021848927078	-2.923342066509721
752	-3.2608649306875606	-2.9365782572618144
751	-3.244275160444488	-2.948644802484683
750	-3.228053982875835	-2.959602025245136
749	-3.1991654323664704	-2.968996668661672
748	-3.1803490931701077	-2.9772849990345636
747	-3.1737610339224744	-2.984989941579198
746	-3.1632139842932787	-2.991979119724857
745	-3.1384718671303062	-2.997723933348607
744	-3.1210390033202344	-3.0025598184455395
743	-3.1079856771980303	-3.0066941658476027
742	-3.0965134760995596	-3.0102164917398397
741	-3.089161806822659	-3.013312386448973
740	-3.083141095298089	-3.0160507671881565
739	-3.0770910304175203	-3.0184445030010747
738	-3.067107819338844	-3.0203528683476555
737	-3.052073241324038	-3.0215968045428085
736	-3.032225456383486	-3.0220136144189143
735	-3.011702557481442	-3.0216092592448955
734	-2.9892432607649795	-3.020340004402545
733	-2.9597365176320807	-3.017963397078211
732	-2.946968749084945	-3.0151792932353363
731	-2.9345502305082505	-3.012017369206821
730	-2.927682554234721	-3.008710121560854
729	-2.9196023921456487	-3.005215700799471
728	-2.90776371730648	-3.001394054387979
727	-2.900160643092505	-2.997424116690115
726	-2.8731542963950005	-2.9925507904040294
725	-2.852395942145634	-2.9870545218448736
724	-2.8376115100616772	-2.9811940115788627
723	-2.812903175960116	-2.974594370966359
722	-2.7878556424991388	-2.967271283575484
721	-2.7651029513748995	-2.9593431136852617
720	-2.7419467990121973	-2.950817768011804
719	-2.715812125686142	-2.9416018604696177
718	-2.694664929889342	-2.9319180592703873
717	-2.6795915807306727	-2.922022903249218
716	-2.6612036553078156	-2.911794697447591
715	-2.642267392290364	-2.901224999206127
714	-2.617606615705256	-2.8901027096570697
713	-2.5966145258126403	-2.878593369114147
712	-2.5752264972182672	-2.8666966290397955
711	-2.561288298080399	-2.8547198317472664
710	-2.54795369657667	-2.842689787230769
709	-2.536504880953757	-2.830682536004216
708	-2.5177425007612158	-2.818410377759389
707	-2.497220853543112	-2.805814710143061
706	-2.4737280883460357	-2.792791705366704
705	-2.453925728314111	-2.779502843521501
704	-2.4298392528869357	-2.7657905458495544
703	-2.404282078167711	-2.7516137431953616
702	-2.3968760050455913	-2.737702459346348
701	-2.388558600847894	-2.7240105433267985
700	-2.3754674686443735	-2.7103421874568965
699	-2.364340904392641	-2.6967735096896677
698	-2.35900341331282	-2.68352762355724
697	-2.3513772446723067	-2.6705021185029265
696	-2.301185118145895	-2.6560190988810795
695	-2.2742293744646958	-2.6410469528255325
694	-2.2694645589550504	-2.6264750942423736
693	-2.2467984732052244	-2.6115858149860123
692	-2.230508876331079	-2.5966416213132675
691	-2.228130080210569	-2.582190188328846
690	-2.224698660224071	-2.568170912716892
689	-2.2332920171937047	-2.555038407010099
688	-2.262476715034566	-2.543565399481645
687	-2.29436274746606	-2.533792746461425
686	-2.3235992800254195	-2.5255498654247184
685	-2.3633195024806426	-2.519187890407303
684	-2.4130246951934495	-2.515024627849897
683	-2.4774447219744573	-2.51355090605086
682	-2.5285170706356013	-2.5141378144659483
681	-2.572034783433921	-2.516408283837241
680	-2.614833457702339	-2.5202680945770495
679	-2.6673456701474763	-2.526035842638635
678	-2.718679057944982	-2.5335904785330023
677	-2.7701633831967243	-2.542867847343345
676	-2.8048290328204217	-2.5531408350091134
675	-2.8494800519322183	-2.564761980770805
674	-2.885399209264989	-2.577335989731362
673	-2.918176977766926	-2.5907023029876597
672	-2.9440312284951276	-2.604558339282071
671	-2.9749890334220552	-2.619085033169914
670	-3.0068932701030064	-2.634293199324154
669	-3.0357758738002403	-2.6500376179310607
668	-3.0878148045167535	-2.6672053507383437
667	-3.177560234036015	-2.6872192677304096
666	-3.2837046791849502	-2.710610852493334
665	-3.3780870908623726	-2.736786391252906
664	-3.478130497964976	-2.7658587091631848
663	-3.5822218831775814	-2.7978729512813976
662	-3.688819667967337	-2.832812038210259
661	-3.8120843994330116	-2.8712148759052707
660	-3.9303476987168935	-2.9127494964076894
659	-4.01381246672603	-2.9559284364201748
658	-4.100499235401436	-3.00081356579199
657	-4.181096587138562	-3.0470991744722493
656	-4.264959511635702	-3.0948584033806212
655	-4.342776076035221	-3.143796351327862
654	-4.4043593295550565	-3.1932301936112832
653	-4.463444983254334	-3.243042538303169
652	-4.520116129540476	-3.293123855606594
651	-4.574453330295562	-3.3433720703002807
650	-4.630442975569842	-3.393845439134382
649	-4.6866777811777425	-3.4445447466654953
648	-4.737906217338008	-3.4952648043389285
647	-4.790843671258948	-3.54607181872795
646	-4.842779107938725	-3.5969230849715106
645	-4.888520105132066	-3.6475739485072203
644	-4.924416987439443	-3.697646224543779
643	-4.946991622290163	-3.7466401617103045
642	-4.969867313737396	-3.7946098539466617
641	-4.989110128639723	-3.8414530019738415
640	-5.010086733646155	-3.887281775764913
639	-5.028798857361949	-3.932047151513817
638	-5.0440372398201205	-3.9756546059572018
637	-5.061163378377778	-4.018223577424675
636	-5.07617398778757	-4.059711828811456
635	-5.0917632305964275	-4.100184432803024
634	-5.094868981538077	-4.139191670008321
633	-5.096480922088155	-4.176732424991845
632	-5.096666325027286	-4.212808264208921
631	-5.098095662682461	-4.2475254170902375
630	-5.1007114709474095	-4.280983693712087
629	-5.101852764021821	-4.313174637645802
628	-5.097677894757545	-4.343939471258027
627	-5.087128676167229	-4.373084145960348
626	-5.078317825351746	-4.40074036868158
625	-5.0737761935163945	-4.427133930439808
624	-5.072008723385252	-4.452423138006297
623	-5.078100890685381	-4.4769595204643
622	-5.0721497204728365	-4.500300312621498
621	-5.0573129735489	-4.522143946383357
620	-5.047031152115213	-4.542727758372842
619	-5.043707448284032	-4.5623740207223005
618	-5.040512518070649	-4.581124550030079
617	-5.038744916529396	-4.599070446755543
616	-5.038340483340811	-4.6162967227000635
615	-5.031420702470211	-4.6325760944557555
614	-5.018286257966565	-4.647701983220886
613	-4.996621838556976	-4.661385114802694
612	-4.969433195696308	-4.673465431700483
611	-4.9343808600485275	-4.683697409282758
610	-4.860575372171823	-4.69063379998429
609	-4.792813346802422	-4.694640841035982
608	-4.732157295138126	-4.696112074530183
607	-4.678314816638565	-4.695414142848159
606	-4.632306054484545	-4.692939315853507
605	-4.588586745455448	-4.688847058190838
604	-4.547075280464814	-4.6832873806329545
603	-4.512903668287901	-4.676605666423344
602	-4.4831495194701425	-4.669019150856552
601	-4.448507584700792	-4.660371638458287
600	-4.414429830075942	-4.650726861658979
599	-4.382211050764244	-4.640196829859185
598	-4.346572225759818	-4.628682139502347
597	-4.312898916591418	-4.616298483701918
596	-4.2772107641420405	-4.603000926072119
595	-4.240920997633793	-4.588801713192185
594	-4.206681483080374	-4.573816606128977
593	-4.171811054553093	-4.558051682537766
592	-4.137659412596221	-4.541565711167509
591	-4.106817103176038	-4.524516746148236
590	-4.075241018358618	-4.506898090156486
589	-4.042981070301575	-4.488705265848451
588	-4.002268680727095	-4.469629321333889
587	-3.954813230021351	-4.449440455007906
586	-3.9152772886654077	-4.428492879857219
585	-3.8768065466650015	-4.406858121692819
584	-3.8380697199376144	-4.384552694173007
583	-3.7990991270028616	-4.361593730754571
582	-3.7625312582436337	-4.338101084773749
581	-3.72957837497367	-4.314237449095314
580	-3.6935790086534865	-4.289897902411321
579	-3.657296351854388	-4.265089998467912
578	-3.6194594669079514	-4.239771154093011
577	-3.581461700247047	-4.213955097079444
576	-3.5433301883572064	-4.187656081051121
575	-3.505090900086021	-4.16088881905249
574	-3.464163152680804	-4.133566243900659
573	-3.4245991440599077	-4.105763612534355
572	-3.385054547439786	-4.077500511942412
571	-3.3533656555920395	-4.049103066595339
570	-3.3187686931202975	-4.020462502929651
569	-3.2853225724970265	-3.99163348604994
568	-3.2569005336164665	-3.962820429091765
567	-3.2280772586170876	-3.9340069714260917
566	-3.204097109824918	-3.905383055284869
565	-3.1808434674929593	-3.876969738116559
564	-3.154387037416779	-3.8486331616185283
563	-3.1274931662838235	-3.820353161801481
562	-3.102801338149572	-3.7922138745994456
561	-3.0776184905472697	-3.7641905262052426
560	-3.0519801352280282	-3.736260706951234
559	-3.0285259257733834	-3.708506401807005
558	-3.005865732676014	-3.680951865762652
557	-2.9826723979314735	-3.653568357220253
556	-2.964193364541856	-3.6265340437818843
555	-2.9450122582355913	-3.599807699250657
554	-2.9277766102447664	-3.5734535388974846
553	-2.9098011720529513	-3.5474279558839736
552	-2.8924318045540627	-3.5217418323024083
551	-2.874347162363186	-3.4963538060302817
550	-2.8581948072987817	-3.471327962942772
549	-2.8386840032095915	-3.4465183958944117
548	-2.819886336871617	-3.4219445896582235
547	-2.800476325291502	-3.397573285173254
546	-2.7804920040188907	-3.373374019245632
545	-2.757364449896892	-3.349216781231956
544	-2.733854559425975	-3.3250849293964273
543	-2.709992016983726	-3.300963638713577
542	-2.68450257536316	-3.276788695052776
541	-2.657473698409339	-3.2525018324393073
540	-2.627686902269774	-3.2279992861581492
539	-2.5796503187591195	-3.2025738364562266
538	-2.5350652989300713	-3.1763970310630443
537	-2.489889410919032	-3.149475163606416
536	-2.449384185096651	-3.122020615429563
535	-2.40944947677235	-3.0940766492077114
534	-2.375291129801253	-3.0658889817800072
533	-2.338846990370037	-3.0373775311364795
532	-2.3028457978977723	-3.008572365127119
531	-2.2685888777190755	-2.979553404836607
530	-2.234711786431548	-2.950343929605036
529	-2.2038203823113207	-2.9210684963778313
528	-2.1705835782500635	-2.891637715274782
527	-2.1351256365186106	-2.8619705749314024
526	-2.0962635490406	-2.8319428484258804
525	-2.0606865939643413	-2.8016975051136632
524	-2.0321718050721884	-2.7715200266806646
523	-2.0012926973964547	-2.7413150333754013
522	-1.9720814527815556	-2.711149010607015
521	-1.9418717206562324	-2.6809812737462004
520	-1.9120275330036396	-2.650826225089629
519	-1.8851532978595174	-2.6207998357864875
518	-1.8585220758890397	-2.590906590300313
517	-1.837347711552848	-2.5613552617219812
516	-1.81618137700886	-2.5321327564391134
515	-1.7963364978515415	-2.503278001200385
514	-1.7751576376849787	-2.474724261454683
513	-1.7566249435461287	-2.4465635038896414
512	-1.7367191310163914	-2.418726469659318
511	-1.6998800405345946	-2.390536413615211
510	-1.6638348741682663	-2.362038314029056
509	-1.6311717386319788	-2.3333768796997587
508	-1.5965423981152291	-2.3044814098336985
507	-1.5678711216201986	-2.2755947318645418
506	-1.5435984201868784	-2.2468889941516923
505	-1.5183253346819363	-2.2183178702509174
504	-1.4973216966079637	-2.190043510500213
503	-1.4764954929460004	-2.1620612353020086
502	-1.455849485912065	-2.13436665689456
501	-1.4366889797235007	-2.107006747985891
500	-1.4176534632761886	-2.0799732858404125
499	-1.3987471569526324	-2.0532585356879505
498	-1.3812767832187127	-2.0269063101009217
497	-1.3599749248286397	-2.0007521381294597
496	-1.3415411944580402	-1.9749007285737177
495	-1.3232488972371836	-1.9493457547958144
494	-1.3024955927867516	-1.9239790817758509
493	-1.2846153568785237	-1.8989059945249753
492	-1.266880980942327	-1.8741206998746753
491	-1.2492950557172602	-1.8496177334371298
490	-1.239676547563386	-1.8256984712460025
489	-1.2298506099762392	-1.80233188845111
488	-1.2268667353871638	-1.7797646275466414
487	-1.2137391517533285	-1.757567550064551
486	-1.2022061092394623	-1.7357886700321945
485	-1.1955880928262133	-1.7146043336711756
484	-1.1866946664882505	-1.693901993781649
483	-1.179412225106402	-1.6737259244218354
482	-1.1724986223875167	-1.6540699517930384
481	-1.1652892623038422	-1.6349020816169915
480	-1.1574756967735222	-1.6161794782897967
479	-1.149480375791489	-1.5978775527016278
478	-1.1418368579407119	-1.579993603887474
477	-1.1327092186519536	-1.562453039760591
476	-1.1230166805731372	-1.545220241361083
475	-1.1141579519776048	-1.5283158378558486
474	-1.1034941065544146	-1.5116561621185374
473	-1.0932625656475867	-1.4952485701000686
472	-1.0824067398354167	-1.4790586944034156
471	-1.0721332371171268	-1.4631008333333653
470	-1.0613135114980032	-1.447344467771194
469	-1.0521928022804676	-1.4318483240264595
468	-1.0422882834003175	-1.4165714596881793
467	-1.0341812408687137	-1.401575764832514
466	-1.0240810690967344	-1.386772051274248
465	-1.015210539824679	-1.372201011609559
464	-1.0098631792656647	-1.357991684850975
463	-1.0066435054512155	-1.3442133248745138
462	-0.9982909905576758	-1.3306477431365986
461	-0.9916881130052211	-1.3173552086216425
460	-0.9829153884905537	-1.304239921557678
459	-0.9734442262525693	-1.2912675413496344
458	-0.9667637271005063	-1.2785419015751587
457	-0.958906979877673	-1.2660071987634924
456	-0.950843645058665	-1.2536478437162444
455	-0.9427176203762127	-1.2414545016244785
454	-0.9368809701249603	-1.229510441565674
453	-0.9311479290069329	-1.2178099508770959
452	-0.9247351031940845	-1.2063168195954093
451	-0.9197612493207465	-1.1950793462513047
450	-0.9125807518674485	-1.1840009700009575
449	-0.9097466393880662	-1.1732458982122167
448	-0.9078704415517933	-1.1628390175588668
447	-0.9017635490197122	-1.1526007638906646
446	-0.8922082925248951	-1.1423892944253402
445	-0.8850338993160562	-1.132296925989682
444	-0.8782465438903255	-1.1223341659073545
443	-0.8730046012070041	-1.1125565359191054
442	-0.8666999515856233	-1.102915101239361
441	-0.8618595838232181	-1.09346194369363
440	-0.8565953872938863	-1.084173059128934
439	-0.8506037399102091	-1.0750134779831018
438	-0.8443768999297134	-1.0659689062947335
437	-0.8389059075766454	-1.0570644749724556
436	-0.8318141783431248	-1.0482311300065994
435	-0.8234398603300814	-1.0394157860977162
434	-0.815604527707908	-1.0306388740039982
433	-0.8083528256620269	-1.021921774069019
432	-0.7997729167926995	-1.01321005417583
431	-0.7920793909916437	-1.0045382634627245
430	-0.7843239079820901	-0.9959024063850526
429	-0.7769041627812907	-0.9873142399692186
428	-0.767138051528482	-0.9786798796382093
427	-0.7572220688236762	-0.9699952596062669
426	-0.7485361155176502	-0.9613105872890663
425	-0.7393350422531917	-0.9526056639543261
424	-0.7301682362469855	-0.943882627573646
423	-0.7193453214820149	-0.9350772430210329
422	-0.711376841170793	-0.9263046782425921
421	-0.7026844761212985	-0.917535258551561
420	-0.6945433864575161	-0.9087904792537554
419	-0.6874537829625282	-0.9001106088109622
418	-0.679938377760168	-0.8914764036717154
417	-0.6733232641557532	-0.8829213785926581
416	-0.6665286295386128	-0.8744353884336759
415	-0.6599570287408163	-0.8660244723672892
414	-0.6534714404709412	-0.8576890593517461
413	-0.6467456320517897	-0.8494167680850812
412	-0.6401848901279816	-0.841211596400489
411	-0.6345667641641786	-0.8331078774892613
410	-0.6312842396882097	-0.825193225026475
409	-0.6323820886604867	-0.8176320039925147
408	-0.6370086276391955	-0.8105487343316002
407	-0.6414830922101942	-0.8039187091503687
406	-0.6471779847417523	-0.7977720140755209
405	-0.6533833092263759	-0.7921097119245741
404	-0.6596165913962668	-0.7869139032764052
403	-0.6658733082813253	-0.7821672132765981
402	-0.6714977500046171	-0.7778272343247556
401	-0.6765158152815784	-0.773854237499533
400	-0.6792589475073632	-0.7701446182841537
399	-0.6791780656555408	-0.7665773024947963
398	-0.677379048888544	-0.7630793317651393
397	-0.6749833853881864	-0.7596245887699646
396	-0.6724103572036224	-0.7562044228261865
395	-0.6694088400192006	-0.7528006744808144
394	-0.6648925880327088	-0.7493532985416729
393	-0.6604311976724615	-0.7458661573311156
392	-0.6553079732629108	-0.7423148559951076
391	-0.6510539380987765	-0.7387359964697613
390	-0.6467197435489416	-0.7351275159630625
389	-0.6425718555543174	-0.7314978822215431
388	-0.6376268692504494	-0.7278166660265982
387	-0.6334218826505174	-0.7241149098157715
386	-0.6297950692889724	-0.7204160925402108
385	-0.6259402992312344	-0.7167111594692706
384	-0.6216745610031502	-0.7129842340392267
383	-0.6161068829808052	-0.7091851222330141
382	-0.6137289209261505	-0.7054417417896077
381	-0.6116606737014312	-0.7017640528449735
380	-0.6106056161368585	-0.6981892121897533
379	-0.6090850619182984	-0.6946949317869512
378	-0.6086843427344002	-0.6913219675103806
377	-0.6075287400623495	-0.68803595859085
376	-0.6070863143018688	-0.6848614627363803
375	-0.607650467978142	-0.6818335805889985
374	-0.6088493199790328	-0.678971452721941
373	-0.6100019245228578	-0.6762667653415849
372	-0.6108492373407701	-0.673701372086651
371	-0.6119258419204892	-0.6712788022762133
370	-0.6132858603913718	-0.6690045692611215
369	-0.6149807994058518	-0.666885990051111
368	-0.6189486472455847	-0.6650060942548159
367	-0.6229341421237011	-0.6633562137790859
366	-0.6267389882556023	-0.6619202441507142
365	-0.6304997160837615	-0.6606880665794611
364	-0.6348026203572603	-0.6596729510413355
363	-0.6384482517052179	-0.6588406098908994
362	-0.6415949560106871	-0.6581643097387344
361	-0.6448500857549915	-0.6576421833079994
360	-0.6482070008361829	-0.657272176152242
359	-0.651594172785253	-0.6570495093535366
358	-0.6551387331040566	-0.6569745769515961
357	-0.6580500012077266	-0.6570167504518365
356	-0.6617883740739448	-0.6572038729468211
355	-0.6661187761219356	-0.6575534769929041
354	-0.6704257133677354	-0.6580582705762308
353	-0.6738612161569657	-0.6586779939323381
352	-0.676788919201476	-0.6593882262958337
351	-0.6792304508361351	-0.6601663527483944
350	-0.6828351588807342	-0.661055325537898
349	-0.6883949231454984	-0.662127466620549
348	-0.6924956596374949	-0.6633183761506253
347	-0.6952017582439636	-0.6645687048601681
346	-0.6990506471648006	-0.6659209378917222
345	-0.7026854514437666	-0.6673626835212142
344	-0.7057232099563189	-0.6688670178912182
343	-0.7086455296570753	-0.6704269595290949
342	-0.7106744942232401	-0.672005294222983
341	-0.7125011612939609	-0.6735933674414528
340	-0.7135475602407544	-0.6751601985316216
339	-0.7143046900535959	-0.6766952766305225
338	-0.7150458982673165	-0.6781992225770634
337	-0.7145990389371626	-0.6796266663558909
336	-0.713735035861581	-0.6809642494737611
335	-0.7128641881967503	-0.6822152274628979
334	-0.7106844999809931	-0.683331669522431
333	-0.7094063428849182	-0.6843542057327247
332	-0.7089892761498655	-0.6853202869255537
331	-0.7088080114278856	-0.6862413741609392
330	-0.7084610628350125	-0.687112734501099
329	-0.7080864419852473	-0.6879352328338108
328	-0.7070993630231723	-0.6886867673510406
327	-0.70585395683139	-0.6893599904679171
326	-0.704297513164359	-0.6899457756716991
325	-0.7024450253637928	-0.6904359423262911
324	-0.7004412335805288	-0.6908283066892023
323	-0.6968610429164683	-0.6910648845804676
322	-0.6927552689487544	-0.6911311741635378
321	-0.6893225017309637	-0.6910602458328485
320	-0.6873155003441074	-0.6909133930685841
319	-0.6849767100677537	-0.6906805819705124
318	-0.682061925752425	-0.690342595452156
317	-0.6791851725480029	-0.6899050494559147
316	-0.6762159392669003	-0.689368221605365
315	-0.6736159566229856	-0.6887504857237031
314	-0.6701321191196965	-0.6880203537000166
313	-0.6648946097366237	-0.6871134617798835
312	-0.6566182194060617	-0.6859175699220866
311	-0.6457715142943301	-0.6843432147994296
310	-0.6311094445049505	-0.6822556159643519
309	-0.6203696371759886	-0.6798287148353965
308	-0.610968737352994	-0.6771283235615768
307	-0.6035019751000426	-0.6742410157787714
306	-0.5959309083770892	-0.6711700311747838
305	-0.5881991003461224	-0.6679162691815029
304	-0.5797968046145163	-0.6644606039043662
303	-0.572713114444011	-0.660862663141215
302	-0.5657191114936615	-0.6571315434687618
301	-0.5585537985624365	-0.6532657495508667
300	-0.5524012063622235	-0.6493102772689592
299	-0.54832571192695	-0.6453500982359393
298	-0.5442154494099509	-0.6413840335760966
297	-0.5396181793478179	-0.6373932157632229
296	-0.5352750223399148	-0.6333885807270148
295	-0.5311115168254128	-0.6293777154759715
294	-0.5260794314337836	-0.6253268023762779
293	-0.5213283403310092	-0.6212484313156792
292	-0.5152845927046821	-0.6170929866642675
291	-0.5097690073110583	-0.6128842031602201
290	-0.5039787187984488	-0.6086133998519153
289	-0.4977989938742202	-0.6042677368723979
288	-0.49099025745289326	-0.5998254827775154
287	-0.48423611935330735	-0.5952925665648013
286	-0.4777981620584866	-0.5906849428586713
285	-0.4702322855877168	-0.5859613092402025
284	-0.4633525904121827	-0.5811531241881233
283	-0.45433043600665757	-0.5761796854359089
282	-0.446199427028136	-0.5710824204003099
281	-0.4393791339737918	-0.5659175856384856
280	-0.43179406578049884	-0.5606578397617018
279	-0.42472067002134084	-0.555326970360119
278	-0.4174879211923188	-0.5499215174515778
277	-0.40952061144689056	-0.544415599569041
276	-0.4018334575072311	-0.5388241430175974
275	-0.39578559096314514	-0.5332147880350698
274	-0.3898072412151241	-0.5275909626695817
273	-0.38331211104072604	-0.521932968488058
272	-0.37802073895863897	-0.5162893516437671
271	-0.373555304509785	-0.5106919380306697
270	-0.3690336794459106	-0.5051367122038164
269	-0.3638745392771323	-0.49959701914786797
268	-0.3586958838532728	-0.49407148443043286
267	-0.35337102544126875	-0.4885538193720343
266	-0.3484305099607874	-0.4830587876304167
265	-0.3435336967182345	-0.4775872154377821
264	-0.33965821618123115	-0.47217823507478013
263	-0.33545675666081465	-0.4668166084703109
262	-0.32918764260756816	-0.4614193941227524
261	-0.32544294743755087	-0.45608698444882295
260	-0.3213737175515159	-0.45080411123716385
259	-0.31725742351617514	-0.4455669862284976
258	-0.31322863250562705	-0.44037724686681645
257	-0.30948086837413324	-0.4352440555533779
256	-0.306133546396425	-0.43018089833153667
255	-0.30193252828880546	-0.4251515504867237
254	-0.29828682886597147	-0.4201764633643413
253	-0.2943913701261218	-0.41524371460990134
252	-0.29032470829592416	-0.4103449300485689
251	-0.28629218310035354	-0.4054801164427566
250	-0.28307599650378146	-0.40067995487652225
249	-0.2801194974166874	-0.395952093799666
248	-0.2769564189511229	-0.3912855967467819
247	-0.27464003821705996	-0.3867112611181654
246	-0.2721558843073959	-0.382218893400096
245	-0.26951290162378516	-0.3777990505853388
244	-0.2662637428501369	-0.37342511694866426
243	-0.26315425976686946	-0.3691007696082017
242	-0.2605053944584865	-0.3648421274454678
241	-0.25771128179212166	-0.3606409178120032
240	-0.2557570719795792	-0.3565278258185748
239	-0.2541495199505728	-0.35251299029433947
238	-0.2520919998562223	-0.3485749122379427
237	-0.24973637710861984	-0.34469889125247904
236	-0.24690205744247917	-0.3408637212991457
235	-0.24354720672545982	-0.3370473873942953
234	-0.2406743790574244	-0.33326805373402585
233	-0.2375465738187299	-0.32951427020793583
232	-0.23450273751415018	-0.325788327749356
231	-0.23147548950510854	-0.322089785073111
230	-0.22872620330496707	-0.31842846814102693
229	-0.2261784993555831	-0.31481082230630364
228	-0.22408506617024448	-0.3112529495166543
227	-0.2217097623947839	-0.3077414519824633
226	-0.2190666781701136	-0.30426400987217506
225	-0.21688591973568672	-0.3008374181021167
224	-0.21417047158958225	-0.29743871431731145
223	-0.21205347640917926	-0.29409027361503176
222	-0.2099225070765498	-0.2907895768880325
221	-0.20790958741016663	-0.2875393812222338
220	-0.2057498313099133	-0.2843319478923389
219	-0.20384188804314407	-0.28117547495707634
218	-0.2016541652807038	-0.27805699222466956
217	-0.19900514578894857	-0.27495691981542564
216	-0.1968291768754784	-0.27189308675895707
215	-0.1946498562700092	-0.26886394046527284
214	-0.1918170915252615	-0.2658424954088018
213	-0.1892740869804279	-0.26283981272533613
212	-0.18694381761573453	-0.25986349919162627
211	-0.18429669298882256	-0.25690009502681044
210	-0.1816742305358896	-0.2539500611252057
209	-0.17868584376513708	-0.2509985231895167
208	-0.17567546533137168	-0.24804467778331493
207	-0.1730364952600958	-0.24510318042946322
206	-0.17029740709917895	-0.2421696206910207
205	-0.16772474562246176	-0.23925021382558703
204	-0.1650517105832603	-0.23634046860039773
203	-0.16274023826179818	-0.23345418505770754
202	-0.16005852810285504	-0.2305759240006545
201	-0.15774137818924716	-0.2277196673021679
200	-0.15551282089640583	-0.22488802626664778
199	-0.15323970182254731	-0.2220782880531536
198	-0.15086009927664268	-0.21928541790505515
197	-0.14857552285032583	-0.21651248084408536
196	-0.14664338254409648	-0.21377251620487014
195	-0.1455697200358026	-0.21109789674725965
194	-0.14388291305093226	-0.2084620150336782
193	-0.14226317886341766	-0.20586598224268757
192	-0.14051288895028868	-0.20330311583906407
191	-0.1386389083015942	-0.20076726456308489
190	-0.13632216287878096	-0.1982400056735043
189	-0.13423542947348466	-0.19573002229311137
188	-0.1329555505462916	-0.19326827830303997
187	-0.13159960796906445	-0.1908498990742566
186	-0.12978094802213658	-0.18845503824868326
185	-0.12791244534323098	-0.1860808189190577
184	-0.1261276224658161	-0.1837297131757933
183	-0.12455387013519958	-0.18140909188008378
182	-0.12298697004991554	-0.17911802827890072
181	-0.12071090726917655	-0.17682755294518607
180	-0.11912710326177667	-0.17456479021250335
179	-0.11722774727281893	-0.1723162787246726
178	-0.11580987429676126	-0.170100341296127
177	-0.11433116443227709	-0.16791331475244664
176	-0.11233919555201144	-0.16573393752890014
175	-0.1111611704348845	-0.1635938290154093
174	-0.10919727560818115	-0.16146063084257684
173	-0.10726602461770884	-0.1593353521670918
172	-0.10523665921194247	-0.15721383479630163
171	-0.1012908439957596	-0.15502077633353528
170	-0.09838409495331879	-0.15279973000489935
169	-0.09490723462701478	-0.1505294360685117
168	-0.09147431283324092	-0.14821354888281482
167	-0.08828052931154717	-0.14586323438982393
166	-0.08512123017173767	-0.1434811950087225
165	-0.07821847998690146	-0.14092187285100402
164	-0.07113374551920426	-0.13818508354387463
163	-0.06251111658585717	-0.13521747699650138
162	-0.05652890918198583	-0.13213165080769684
161	-0.05339553671226538	-0.1290439600588564
160	-0.0498561061677103	-0.1259385540239095
159	-0.04658235778390507	-0.12282654632822304
158	-0.04219598335831165	-0.1196645634666579
157	-0.039616076769544595	-0.11652540712559462
156	-0.03830564686120441	-0.11345796554659891
155	-0.03749097358137643	-0.11047886782247253
154	-0.03584711475616498	-0.10755213240810753
153	-0.03321732082540718	-0.10463704175780555
152	-0.03264426980663648	-0.10181379579893618
151	-0.03175464645557691	-0.09906637817762796
150	-0.031019315651032553	-0.09639786592168303
149	-0.029910520609775837	-0.09379051904670628
148	-0.028445867853825302	-0.09122798370580898
147	-0.027619417937003288	-0.08873353014624798
146	-0.026295154028407985	-0.08628496637692093
145	-0.025147845793587198	-0.08388743223639804
144	-0.02293239874936548	-0.08149703876631832
143	-0.021327123262005365	-0.07913743423673743
142	-0.0204353102456607	-0.076835390158656
141	-0.0192478215277454	-0.0745770541339144
140	-0.016150305421242184	-0.07228580908635862
139	-0.013120471625263974	-0.06996559977415884
138	-0.009765984356396196	-0.06760483054208971
137	-0.0035630091519802676	-0.06509338656600698
136	-0.0005070883098476919	-0.06256059055596153
135	0.0014978236811269419	-0.06004849587999727
134	0.002694018828491185	-0.05758800510711537
133	0.0038342676005442833	-0.0551792885303444
132	0.005571907703938006	-0.0527968886780196
131	0.005989789903868559	-0.05049152873363182
130	0.007297430059816534	-0.048225295055457376
129	0.009193024387881277	-0.04597359625375782
128	0.01086711922241168	-0.043744548588025685
127	0.011807837080787476	-0.04156602365983693
126	0.012764646315041706	-0.039435409151018154
125	0.013736314614271272	-0.03735024351316366
124	0.014005139093388852	-0.03533630694035768
123	0.015166341227003777	-0.03335581093379448
122	0.016918074091249125	-0.03138428603085159
121	0.01890680815418433	-0.029412086258889397
120	0.019948214943196874	-0.027476388172533072
119	0.02080146576087971	-0.025583138998673746
118	0.02323342376339177	-0.023668763988396666
117	0.02528183317341748	-0.02174913272714905
116	0.026963115091753753	-0.01983884849895678
115	0.028032580812621166	-0.017961537545561568
114	0.03034143640769793	-0.016067303272884723
113	0.032464066728685737	-0.014164112292430978
112	0.03466840928530868	-0.012249111446245107
111	0.0416395322572507	-0.010135831301009975
110	0.04651236820871496	-0.00791433328102076
109	0.06423153792047209	-0.005085083429981821
108	0.08573410581476715	-0.0015235465968544066
107	0.10484365192867529	0.0026477160904212716
106	0.12152905581387596	0.007309729412909695
105	0.13888850769502614	0.012469681502404463
104	0.15479780817060362	0.01805117666586326
103	0.1691845127109124	0.023977974157825977
102	0.18061237349927683	0.030120499622196605
101	0.18986172975794968	0.036384861588304576
100	0.2011307939882756	0.04284548638830345
99	0.21106469724197918	0.04944231818648681
98	0.22519074159419716	0.0563344132220833
97	0.23881588984302082	0.06349054956015929
96	0.2551476475959493	0.07100651418901381
95	0.2677356969325304	0.07872138410052429
94	0.28215064047761196	0.08669900199766499
93	0.29497962352208384	0.09486686950842653
92	0.30531120394023503	0.10311958850575237
91	0.3322741942121854	0.11210604363149486
90	0.3552290886826741	0.12164028069232544
89	0.37304391939347425	0.13149924691589993
88	0.38203548715139624	0.1413241975133704
87	0.38064727498959305	0.15070941623792813
86	0.3820552177465828	0.1597818006108166
85	0.3811154532555383	0.16846155169492333
84	0.38282087580967605	0.17686779969942346
83	0.38652888025578935	0.18508980285849663
82	0.38980125194041637	0.1931177028224935
81	0.3920047680886478	0.20091719557802895
80	0.3931870166855198	0.20845718856263645
79	0.39163521954559766	0.21564064075804673
78	0.38995009620984344	0.22247630567772506
77	0.38677070408600756	0.22891922326236358
76	0.3826228002929426	0.23494681451846472
75	0.3782692262453713	0.24056730125285322
74	0.36987848101641596	0.24563832791024784
73	0.35770415669758204	0.25003306629406485
72	0.3462893681896908	0.25380782323114826
71	0.3348889124729668	0.2569874737896509
70	0.3241594577790359	0.259621669240215
69	0.313880585590546	0.26174946988140446
68	0.3039719691242553	0.2634052541654378
67	0.2931842656187138	0.26457305853615454
66	0.283843013281027	0.26532874303595344
65	0.2724999457095043	0.26560996667021036
64	0.27312666368607363	0.26590473910220497
63	0.2700650208045756	0.2660678874042587
62	0.26511324177473305	0.2660304503207479
61	0.26142158125626835	0.265849710357435
60	0.25737119156329236	0.2655172194243314
59	0.2513520879081348	0.264961724070755
58	0.24560673072609784	0.2642027047239057
57	0.23934397491076354	0.26322785257437076
56	0.2327860899442733	0.26203405796142576
55	0.23005364992026323	0.2607799243127527
54	0.22641398470197593	0.25943224040644774
53	0.22392963825487033	0.25803998149854274
52	0.2215070170166582	0.25660731622474336
51	0.21634363097455278	0.2550283481757163
50	0.21091211186715775	0.2532982996930277
49	0.20503210178010267	0.251405507618011
48	0.19885739069296093	0.24934479715036198
47	0.19351198123658264	0.24715527495766476
46	0.18857001698405806	0.24485781386066058
45	0.18421109173888706	0.24247951103235574
44	0.18002006376688584	0.24003012094351378
43	0.17612173766241135	0.23752390983445096
42	0.16814054641801057	0.23480299362204152
41	0.15392184276478815	0.23163118378450218
40	0.14476578357581182	0.22822469750180846
39	0.13438845778728492	0.224544844963984
38	0.12441427298297292	0.22061815586668945
37	0.11678418765619814	0.2165462355447094
36	0.10905032342292742	0.21233070957914932
35	0.10200309952159525	0.20800413663571585
34	0.0935955989093955	0.20351752731311504
33	0.08656488865918455	0.1989311493266864
32	0.0793536793251981	0.19424183677760842
31	0.07093174937495395	0.1894061470755435
30	0.06246603991521038	0.18442810365749124
29	0.05572168717136616	0.17938079320705497
28	0.04925581758432962	0.17427785298655593
27	0.04221230744037907	0.16909881198474505
26	0.0355982370203245	0.16386349531947367
25	0.028615814815348806	0.15855966471146876
24	0.0220671321247643	0.15320701637473524
23	0.015610133959089723	0.14781106020157267
22	0.008983452211100307	0.14236684028037766
21	0.0018725866177433659	0.13685726170537238
20	-0.003742537363940812	0.13134354409481108
19	-0.009099680164926127	0.1258359666728606
18	-0.013686708492096855	0.12036448921541128
17	-0.019164798993774657	0.11489275242289418
16	-0.024969362805566497	0.10940796359040551
15	-0.030561384305562544	0.1039189695552695
14	-0.03588250259265813	0.09843655888280174
13	-0.040877158997152385	0.09297327582868589
12	-0.046209017280546494	0.08751514668714735
11	-0.05159937133409276	0.08205967539219675
10	-0.0571078830994578	0.07660212407879852
9	-0.0629217087457139	0.07113060122293528
8	-0.06915417355153641	0.06562923750628932
7	-0.07630404594252749	0.06006322639064944
6	-0.08276245513385483	0.05446221927204142
5	-0.08784104501336643	0.04888169910398621
4	-0.09453129843666552	0.043257659984744956
3	-0.10041127125914429	0.03762358424969047
2	-0.10662219306899878	0.031966887099937946
1	-0.11184297530020171	0.02632728465287364
